{"type": "FeatureCollection", "features": [{"type": "Feature", "properties": {"fid": 1, "objectId": 122.0, "area": 2696359.454192, "perimeter": 7681.20752}, "geometry": {"type": "Polygon", "coordinates": [[[100.41340174859616, 13.747926742406422], [100.41369386666875, 13.747870829480995], [100.41392245154786, 13.747822060322425], [100.41411696340226, 13.747778006225525], [100.41426585774127, 13.747740993411252], [100.4143731879705, 13.74771212867518], [100.41448344091255, 13.747688896956104], [100.41456885551732, 13.747668067608192], [100.41463409610306, 13.747656393689867], [100.4147299544918, 13.747642284165519], [100.41481079972166, 13.747630520674235], [100.41491647645493, 13.747615224780823], [100.41503363167573, 13.74758630339372], [100.41515156068431, 13.747590146499777], [100.41525088670213, 13.747576017781501], [100.41533116070306, 13.74756538736726], [100.41539239626954, 13.747560515127084], [100.41547670912294, 13.747548732423018], [100.41560083942068, 13.74752655052617], [100.41567186710245, 13.74751597308393], [100.41577237608759, 13.74750635632485], [100.41599460162355, 13.747457621824546], [100.41607427720561, 13.747443604717011], [100.41616721166356, 13.747423861616554], [100.41623070462983, 13.747409937395773], [100.41641885130022, 13.747364788141866], [100.41662824028485, 13.747295788369572], [100.4168376214013, 13.747225656702993], [100.41692291325289, 13.74718448791963], [100.4170485595602, 13.747126137754655], [100.41714426799834, 13.747087168971364], [100.41731707581329, 13.74699012886608], [100.41737234815999, 13.746954782295902], [100.41742940191578, 13.746927336128318], [100.41749222153278, 13.74689759506967], [100.41754635832467, 13.746865644884123], [100.41760632216725, 13.746841571843234], [100.41766797904228, 13.746810707463734], [100.4177366596579, 13.746794494030373], [100.41780459234955, 13.746750034875229], [100.41785347406334, 13.746709074226166], [100.41790635195566, 13.746660181748286], [100.41796747251621, 13.746636101072452], [100.41806022964394, 13.746586979258634], [100.41811597772438, 13.74653468034566], [100.4181850661576, 13.746490214451944], [100.41828872255832, 13.74642747031592], [100.41835090276933, 13.746387563966474], [100.41842167054152, 13.746334048645306], [100.41847056567018, 13.746295349548362], [100.4185264360107, 13.74626338829554], [100.41858749425197, 13.74622913816556], [100.41864692747053, 13.746212976788618], [100.418687662338, 13.746163024055456], [100.4187609458239, 13.746143393085557], [100.41883637100932, 13.746095501587375], [100.41897757309471, 13.746029151288152], [100.41904615809473, 13.745997116770805], [100.41911415153167, 13.745962827521025], [100.41927955321182, 13.745883908211415], [100.41935102784697, 13.74585185698664], [100.41940860457197, 13.745815367686918], [100.41948458021756, 13.745762951181195], [100.41960436391786, 13.745691074921206], [100.41971332407826, 13.745645249167493], [100.41982320089527, 13.745559869379868], [100.41989050720429, 13.745507503577445], [100.41994972907652, 13.745456314268916], [100.42000445672385, 13.745426619220616], [100.42007182422935, 13.745384422690929], [100.42016446461943, 13.745316091464828], [100.42021569731247, 13.745281897551589], [100.42027253330795, 13.74521829322587], [100.42032949091694, 13.745175026619533], [100.4203406548102, 13.74510942356781], [100.42036048784588, 13.745043771493933], [100.42041917241562, 13.74499936496298], [100.42048141315146, 13.744969627456804], [100.42051923045709, 13.74491517142289], [100.420581362185, 13.744867355115352], [100.42063834008464, 13.744827478221223], [100.42069473321108, 13.74478647472114], [100.42074996454667, 13.74474434793945], [100.42080461018382, 13.744701094558236], [100.42085983962939, 13.744658967766146], [100.42091449296257, 13.744616844282396], [100.42096972329249, 13.7445747174639], [100.42104622161447, 13.744513258730315], [100.42110205027565, 13.744474518327053], [100.42116645264764, 13.744419909032386], [100.4212298013112, 13.744382255235587], [100.42128331225675, 13.744342398189145], [100.42133860966887, 13.744311570538912], [100.42141586384439, 13.74427948637829], [100.42148043645422, 13.744253125096046], [100.42155310702961, 13.744227847087643], [100.42163735002589, 13.744204762282209], [100.42172504019724, 13.744178267691604], [100.42179552164713, 13.744173341559053], [100.42188100227166, 13.744163809088958], [100.42196078528818, 13.744167868986429], [100.42202479441234, 13.744143770742987], [100.42210615443966, 13.744121833271956], [100.42216674176925, 13.744105664459438], [100.42224118785525, 13.744087154890767], [100.42232313258923, 13.7440663430383], [100.42240450619084, 13.74404666531974], [100.42247260761506, 13.744030453102045], [100.42254071584779, 13.74401537078925], [100.42260882407, 13.744000288458466], [100.42269020443084, 13.743981739668847], [100.4227496367164, 13.74396557738216], [100.42281185047955, 13.743931319644103], [100.42288617273933, 13.743892472192057], [100.42295876797698, 13.743854764645116], [100.4230412768398, 13.743831689388184], [100.42310879338037, 13.743814350416597], [100.42317690149348, 13.743799267937817], [100.42325828854572, 13.74378184889396], [100.42332755251365, 13.743766759705586], [100.42340604984466, 13.743749357290287], [100.42347820348337, 13.743734251385263], [100.42354689040323, 13.74371916546799], [100.42361500434907, 13.743705212801121], [100.42371141182544, 13.743686576957524], [100.42378011143636, 13.743673750827844], [100.42384880421217, 13.743659794757532], [100.42394521754404, 13.74364228875354], [100.42401391029644, 13.743628332639034], [100.4241109424971, 13.743617602768524], [100.42422242314716, 13.743606790337372], [100.42430963811877, 13.743597246133717], [100.42443209956612, 13.74358637020051], [100.424599041736, 13.743571846517552], [100.42467351379132, 13.743557856845111], [100.42473053158764, 13.743524758629778], [100.42479764068923, 13.743535670598018], [100.42485642642622, 13.743508211949065], [100.42492285512505, 13.743502178396314], [100.42498512212515, 13.743476959529842], [100.42506182481418, 13.743449397324815], [100.42512289491683, 13.743417405574691], [100.42518208088539, 13.743360565554232], [100.42522393553956, 13.743304955625671], [100.42527208599166, 13.743239139663595], [100.42530935127135, 13.743189206047493], [100.42536557229433, 13.743119953552995], [100.42541895143283, 13.743058627197827], [100.42547869467819, 13.742998394016105], [100.42553794195861, 13.742951723219885], [100.42559557933856, 13.7429254010121], [100.4256595662382, 13.742897911228795], [100.42573798786556, 13.74286807988384], [100.42581644363928, 13.742843897218417], [100.425925488986, 13.742812757935734], [100.42601896421178, 13.742787358424323], [100.42611360212166, 13.742763082117891], [100.4261949748351, 13.742743402316847], [100.42626696475062, 13.742701177530046], [100.42632168402305, 13.742670352195276], [100.42639102259949, 13.742667691327302], [100.4264656856711, 13.7426853389389], [100.42652536345824, 13.742709852952508], [100.42660173984058, 13.742724100730886], [100.42661987133378, 13.742664107962016], [100.42671027891191, 13.74260934697051], [100.42677834531742, 13.742587484026561], [100.42684526267801, 13.742566757671844], [100.42691218002518, 13.74254603130008], [100.42697910419909, 13.742526434832032], [100.4270460292849, 13.742506838341523], [100.42708385831479, 13.742454641317286], [100.427142999201, 13.742485938048954], [100.42720533406121, 13.742472017875613], [100.42727165288144, 13.742447904993767], [100.42735824729016, 13.742431584494332], [100.4275342445465, 13.74238536763341], [100.42761741827627, 13.742376976562893], [100.42768732780586, 13.742373182074958], [100.4277497182712, 13.742368302031691], [100.42789702307681, 13.742356149790492], [100.4279669325877, 13.742352355224316], [100.42805069882498, 13.742346220499838], [100.4281148769029, 13.74235036879146], [100.42821250670437, 13.742343023789719], [100.42833850319337, 13.742343424216472], [100.42842231048694, 13.742344068887423], [100.42849225420727, 13.742345923773657], [100.4285766403556, 13.74234656503986], [100.42864657722536, 13.742347289962172], [100.4288128989478, 13.74232598736331], [100.42889604610049, 13.742313077087157], [100.42896533652235, 13.742302506069633], [100.42905541199812, 13.74228842383877], [100.4291177808965, 13.742280152796495], [100.42918707129803, 13.742269582622482], [100.4292564174182, 13.742268050877605], [100.42939633903576, 13.742277409758033], [100.42946574589386, 13.742286047235586], [100.42954903686868, 13.74229686415001], [100.42961845058652, 13.742306631502947], [100.42968786430815, 13.742316398835772], [100.42974825265469, 13.742267460585207], [100.4298376450886, 13.742331350114682], [100.42991111806472, 13.742343353771973], [100.42997473875485, 13.742350894684442], [100.4300441662093, 13.742362922656689], [100.43011301572417, 13.74237495215143], [100.43018129510152, 13.742388116698727], [100.43025125157935, 13.742392230023128], [100.43033506661558, 13.742394004859463], [100.43040501716705, 13.742396989119294], [100.43047494714766, 13.74239658360197], [100.43054251053377, 13.742387152119226], [100.4306244879656, 13.742371987228776], [100.43069316605444, 13.742355769488727], [100.43076187156478, 13.742344071406086], [100.43082942212419, 13.742332380004157], [100.43090158743418, 13.742319531856728], [100.43110891037755, 13.742197423577494], [100.43120164888892, 13.742146037400882], [100.43125392520292, 13.742093756002971], [100.43130163291782, 13.742050540771954], [100.4313423505381, 13.741998326424984], [100.43134890152199, 13.741935010739493], [100.43137626492427, 13.741872704249168], [100.43140942228062, 13.741812624053754], [100.43146348623331, 13.741769371011616], [100.43151232226921, 13.741721630271206], [100.43154546584847, 13.74165929022508], [100.43158969211161, 13.741613835236214], [100.43162110093834, 13.741551505249856], [100.43162186566708, 13.74148709228018], [100.43163824140804, 13.741423720480302], [100.43168396123066, 13.741338708268874], [100.43172736243243, 13.741252578645666], [100.43175936283777, 13.741192505131119], [100.43179995669409, 13.741119952196314], [100.4318405308636, 13.741044009496008], [100.43187023229706, 13.7409862092313], [100.43191316618382, 13.740918162534483], [100.43194984484427, 13.740867101514587], [100.43198653035267, 13.740817170409024], [100.43202723389754, 13.740762696142676], [100.43208510370695, 13.740679873266721], [100.43212641259129, 13.740629915306707], [100.43217116843934, 13.740576547456179], [100.43221477527439, 13.740524316227823], [100.43226189771276, 13.74047997429067], [100.43232472030722, 13.740451360609041], [100.43227025311803, 13.740333031218025], [100.43222502504639, 13.740213518215025], [100.43212170365257, 13.739949706862115], [100.43197252042894, 13.739652262877152], [100.43184238172437, 13.739350189308297], [100.4317226254506, 13.739044664606569], [100.43170169138894, 13.738928400349947], [100.43167415843544, 13.738867542349668], [100.43164813973172, 13.73877051688313], [100.43152643595502, 13.738524892036542], [100.43147511219138, 13.73844835260971], [100.43133885781872, 13.738185861761302], [100.43127639087061, 13.737987351365124], [100.43125011184786, 13.73784738889956], [100.43138390862067, 13.73780028447479], [100.43150663656677, 13.737738554733538], [100.43163421495836, 13.737619168900922], [100.43163850301961, 13.736802182947041], [100.43161856923176, 13.7361842102192], [100.43161727463293, 13.735875738962568], [100.43163065703084, 13.73550955374913], [100.43163657035753, 13.734960359413869], [100.43163792362084, 13.734707239855751], [100.43162969241713, 13.734493725357568], [100.43163378352865, 13.734310648270764], [100.43164481601241, 13.73374786378326], [100.43164691375108, 13.733426943245426], [100.43215707842296, 13.733497430929598], [100.43215988730395, 13.733388938583069], [100.43225152065206, 13.732585005239693], [100.43232956965107, 13.732018442061003], [100.43238458715233, 13.73165653597444], [100.43242612514327, 13.731454032302592], [100.43256320978834, 13.730806899433704], [100.43270332151927, 13.730182348136465], [100.43263445498239, 13.730166928357242], [100.43165787680877, 13.729995189029571], [100.43128368563492, 13.729949900387705], [100.43060762270609, 13.729872461819252], [100.42961260830874, 13.729709860654799], [100.4294633861448, 13.729690384508325], [100.4291643562032, 13.729650307175115], [100.42910303691045, 13.729640492486837], [100.42751445220135, 13.729375100559798], [100.42502397589676, 13.729149934081214], [100.42501041451432, 13.729296908362521], [100.42499972308296, 13.72944047438321], [100.42499438078042, 13.729512822806694], [100.42498867212137, 13.729620203080277], [100.42498558001697, 13.729682368854606], [100.42497975748228, 13.729866586317042], [100.42497575523655, 13.72996943598636], [100.42497328880708, 13.730039507884246], [100.4249715231179, 13.730129915058233], [100.42496990756868, 13.730245181439008], [100.42496623073815, 13.730306220624147], [100.42495442566738, 13.73055262053559], [100.42495135403959, 13.730618176075579], [100.4249482687633, 13.730681471769662], [100.42494578869102, 13.730749283819193], [100.42494018239735, 13.730873612024919], [100.42493666252719, 13.730960639433437], [100.42493367279936, 13.731039754949945], [100.42493011198374, 13.7311200028208], [100.42492608927714, 13.731219462714954], [100.42492602320816, 13.73130421026137], [100.42492390484385, 13.731431908216837], [100.4250436001007, 13.73144251689379], [100.42503857178805, 13.731566841755424], [100.42502832864658, 13.731688936796305], [100.4250119992807, 13.731760219579824], [100.42494740221593, 13.731782061756256], [100.42488740978109, 13.731800486547154], [100.42488613238419, 13.731876202289923], [100.42488263299069, 13.731966619462522], [100.4248843416109, 13.732058136534327], [100.42488552009955, 13.732157566400497], [100.42477267068125, 13.73213222865768], [100.42434678991751, 13.732045418518567], [100.42414657977405, 13.732004765075455], [100.42404995287461, 13.731986113168906], [100.42387173840459, 13.73195098241342], [100.42371956400908, 13.731921351150373], [100.42362004761259, 13.731902715734462], [100.4235488828895, 13.731889565687377], [100.42343257986109, 13.731866507148101], [100.4233156989404, 13.731843451883947], [100.42319823920288, 13.731820399899402], [100.42310681360429, 13.731801717621469], [100.42301535393871, 13.731777385689712], [100.4228730314334, 13.73175221694294], [100.42259821776484, 13.7317029525002], [100.42242349740593, 13.731672320374702], [100.4223343980798, 13.731655883417439], [100.42211744270455, 13.73161758467386], [100.42196998045095, 13.731602614669173], [100.42185835540076, 13.73158856812115], [100.42173806171775, 13.73157457144792], [100.42156744907308, 13.731554084711483], [100.42145408939334, 13.73154004706141], [100.4212309006379, 13.731522122756429], [100.42115712628537, 13.731651364270292], [100.42109692837678, 13.731635890430919], [100.4210350171693, 13.7316238172345], [100.4209469911402, 13.731593814923897], [100.42095503366527, 13.731489811948999], [100.42088387595041, 13.731477791935106], [100.42079597247864, 13.731468128209949], [100.42070517946401, 13.731458481082713], [100.42063404898046, 13.731450980694213], [100.42055830110336, 13.731444636820166], [100.42047967233368, 13.731439439464086], [100.42039237987754, 13.731435421897128], [100.42020971968068, 13.73142969215293], [100.42013108318615, 13.731423364764709], [100.42005355490335, 13.73140912122576], [100.4199714101531, 13.731396034180817], [100.41988463533362, 13.731381843774765], [100.41975105666049, 13.731369052489045], [100.41960636853317, 13.731334855691228], [100.41954871264849, 13.73135778653707], [100.41946601040779, 13.731348091515162], [100.41937648883476, 13.731357646881063], [100.41927840735815, 13.731385329056065], [100.4191973097035, 13.731354157197242], [100.41912497585372, 13.731338752627314], [100.41902493634369, 13.731329158026217], [100.41881212881182, 13.731307781927375], [100.41871613468138, 13.731298163947919], [100.4184426204322, 13.731272616543228], [100.41833453776798, 13.731270977627998], [100.41819519364665, 13.731260478541772], [100.418126388452, 13.731255223988851], [100.41794075723972, 13.731235950030744], [100.41786788539267, 13.73122732977108], [100.41778576791013, 13.731218760781866], [100.41771303127054, 13.73142483221118], [100.41769436085359, 13.731491608295132], [100.41766327514968, 13.731608173249818], [100.41763896139359, 13.73169758014365], [100.41761630666753, 13.731774547889806], [100.41757385278639, 13.731922817153134], [100.41755011688666, 13.732012220723638], [100.41751401225731, 13.732159324458438], [100.41747691644173, 13.732237504186747], [100.41746950460646, 13.732350543285598], [100.41744793771987, 13.73241620602661], [100.41742985866154, 13.73248523773044], [100.41739880668806, 13.732607452299991], [100.41737222863496, 13.732704781939102], [100.41734284246414, 13.732815687285694], [100.4173190851275, 13.732901701070988], [100.41729482638935, 13.733000147353293], [100.4172705182639, 13.733090684160173], [100.41724508237371, 13.733185747302754], [100.41722531020632, 13.733261568512301], [100.41720495333048, 13.7333362640168], [100.41718125114198, 13.733431317201305], [100.41716207042779, 13.733509394038984], [100.4171202957979, 13.733674609744094], [100.41708080470177, 13.733835291569038], [100.41706218149126, 13.733909976209425], [100.41703623542489, 13.734016341923482], [100.41701986276546, 13.734080843952308], [100.41699386236425, 13.7341781702526], [100.41696840592279, 13.73426984360133], [100.41695546679834, 13.734328676088312], [100.4169391687754, 13.734405608209357], [100.4168931031416, 13.734626215930415], [100.41687568997156, 13.734709933339852], [100.41684578565236, 13.734831011317802], [100.41683005283755, 13.734905679355471], [100.41680079427425, 13.735038053277625], [100.4167765817727, 13.73514440902521], [100.41672988369574, 13.7353559815416], [100.41668602085197, 13.735558497150311], [100.41670099148952, 13.73564541854856], [100.41657743184376, 13.735665337235327], [100.41648448747601, 13.735682820209702], [100.41642105869563, 13.735706913541375], [100.41638101138867, 13.73577494132159], [100.41639009414891, 13.735843817090323], [100.41640376635696, 13.73590701668924], [100.41641521510836, 13.735984918599769], [100.41642490974583, 13.736059440680073], [100.41644821556356, 13.736186993916384], [100.4164567475897, 13.736260391796296], [100.41646693196213, 13.736320222413124], [100.41647316589172, 13.736395894316532], [100.41649295673638, 13.736515557053867], [100.4165015498862, 13.736599125169986], [100.41651812537776, 13.736664568017707], [100.41653130121149, 13.73674133003227], [100.41654275007282, 13.736819231923798], [100.41655119980398, 13.736879071584022], [100.41657061837397, 13.736936589249556], [100.41658792794952, 13.737028016172024], [100.41660108255567, 13.73710138930665], [100.41660667756013, 13.737166895176363], [100.41661455711657, 13.73722786806881], [100.41661898270623, 13.737291120719835], [100.41661595729225, 13.737364585833598], [100.41662733064011, 13.737430058527474], [100.41664741452709, 13.737502261003867], [100.41666116840203, 13.737579019679929], [100.41666445853382, 13.737645668741381], [100.4166649472938, 13.737727024337932], [100.41667109990915, 13.737789137102977], [100.41668713836837, 13.737861362796219], [100.41669501119823, 13.737921205752274], [100.41670811252537, 13.737985538548866], [100.41673447222763, 13.738044145393259], [100.41675520882265, 13.73812877371914], [100.41665653948655, 13.738155329435337], [100.41651214509692, 13.738170847963636], [100.41640470591757, 13.738180504448879], [100.41633657748353, 13.738192195174816], [100.41624659732307, 13.738222090752805], [100.41617793257979, 13.738240564307484], [100.4160827171016, 13.738264840049657], [100.41600356821299, 13.738269814141324], [100.41573639492785, 13.738339145178857], [100.4156556198289, 13.738362207942693], [100.41558579233885, 13.738379557141647], [100.41549748472221, 13.738399273173956], [100.41539419166116, 13.738425854932718], [100.41532666906058, 13.738442061778143], [100.41526609514763, 13.738460488680964], [100.41520618053197, 13.738492471378164], [100.4151515147273, 13.738532334623056], [100.41509275500229, 13.738564309767819], [100.41503281321027, 13.738591772719454], [100.4149636177687, 13.738618158758754], [100.4149042267526, 13.738641098659313], [100.41483677862463, 13.738669734577558], [100.41475432467377, 13.738701846418643], [100.41463835761112, 13.7387352803469], [100.41455523077384, 13.738751576458515], [100.4144830913489, 13.738768939520899], [100.41441509815975, 13.738803228286887], [100.41440523090812, 13.7388925530803], [100.41438999960454, 13.738954787627591], [100.41437937140184, 13.739013606792836], [100.41436484002494, 13.739096177621494], [100.41429729630009, 13.73949431379202], [100.4142369595961, 13.739841559260743], [100.41420119377923, 13.739949111058781], [100.41418137960076, 13.740018153473642], [100.41416913952307, 13.74009732126403], [100.41415526052785, 13.740192317974289], [100.41414600498649, 13.740287288182447], [100.41412806011563, 13.740378918299035], [100.41412671941164, 13.740444464019445], [100.41410884907958, 13.740548523335432], [100.41409368541284, 13.740622058050935], [100.41409070578831, 13.740703432690838], [100.41407493706708, 13.74077245100941], [100.41407307942022, 13.74084816938724], [100.41404948300286, 13.74096130125129], [100.41403034831835, 13.741047289257418], [100.41400703930567, 13.741111830928842], [100.41398432177107, 13.74117862914098], [100.4139598907515, 13.741248827071303], [100.41394652859108, 13.741333651117815], [100.41393427485542, 13.741410559048004], [100.41392317698553, 13.741487460352936], [100.41391696690424, 13.741608402321594], [100.41391561261466, 13.74167168818633], [100.41391318377941, 13.741748539803021], [100.41390149931193, 13.741920362525816], [100.41389388845234, 13.742000633741437], [100.41389398823762, 13.742113629778483], [100.41388350894528, 13.742197307332697], [100.41387468891162, 13.7422685457494], [100.41386762301978, 13.74234316400996], [100.41385780975813, 13.742441527304853], [100.41384298481063, 13.742571558374577], [100.4138199380758, 13.742776215232047], [100.41375576105644, 13.743350605823936], [100.41372065390779, 13.743471713409042], [100.41370614929262, 13.743558804831512], [100.41371374196618, 13.743668368019447], [100.41369904569594, 13.743819867699523], [100.41368876963458, 13.743937443063498], [100.41366523968352, 13.744157921299289], [100.41363593425794, 13.744475610615268], [100.4136261480085, 13.744578493610954], [100.41360815345229, 13.744758261339435], [100.41359353844318, 13.744923320138929], [100.41357674041485, 13.745109860802792], [100.41356252619771, 13.745245538187888], [100.4135501212881, 13.74539363573159], [100.41354529930767, 13.74545694146232], [100.41354223827254, 13.745524756963691], [100.413527968868, 13.745747442039951], [100.41351591636085, 13.74595429488475], [100.41350530626202, 13.746112550926156], [100.41350069438082, 13.746210885297804], [100.41349190530363, 13.746383820456526], [100.41348681805735, 13.746499106135868], [100.41348273667694, 13.746589526799848], [100.41347736970096, 13.746658485480527], [100.41346734431849, 13.74681786813143], [100.41345641566305, 13.746923018501288], [100.41344649193796, 13.747099350055546], [100.41343994286395, 13.747163794742951], [100.41341230786763, 13.747278080594823], [100.41339253863134, 13.747451078681166], [100.41337505314692, 13.74761954381315], [100.41336906260143, 13.747680596304338], [100.41337751898315, 13.747741565989491], [100.4133902998482, 13.74784884038881], [100.41340174859616, 13.747926742406422]]]}}, {"type": "Feature", "properties": {"fid": 2, "objectId": 150.0, "area": 1461526.508287, "perimeter": 5183.560547}, "geometry": {"type": "Polygon", "coordinates": [[[100.456955406342, 13.734237062609706], [100.45864708355693, 13.734997696120109], [100.45864272411045, 13.734292634077654], [100.45859751529588, 13.730906446014881], [100.45854285899073, 13.729824278461308], [100.45838232259496, 13.729096409786072], [100.45809513538934, 13.728541040899119], [100.45741141262266, 13.727690835177864], [100.45522396586615, 13.725058522129], [100.45505420625469, 13.724800763073247], [100.45498015982513, 13.724507412468173], [100.45490936478569, 13.723428725911658], [100.4548164652113, 13.72345187212513], [100.45475297396115, 13.723464675544237], [100.45459075645384, 13.723492749749559], [100.45450415780928, 13.723506819143768], [100.45441753826637, 13.72351749878218], [100.45433258274421, 13.723516869094148], [100.45425053054818, 13.72351848218179], [100.4541863787512, 13.723517729949988], [100.45411933662115, 13.723516994718258], [100.45400768810646, 13.723498441967445], [100.4539269380724, 13.723429990379413], [100.45387348767646, 13.723383977065792], [100.45380331989448, 13.723251055982077], [100.45378438328969, 13.723178850636645], [100.45374900070686, 13.723063803981459], [100.45363707962171, 13.722907398719375], [100.45358283584834, 13.722826361536557], [100.45348094950312, 13.722703796538509], [100.45343091098854, 13.72264872342303], [100.45338899758987, 13.722599252237405], [100.45331980470894, 13.72253073239647], [100.45323675156955, 13.722463423125523], [100.45312538056493, 13.722396281321704], [100.45306221789487, 13.722368404137498], [100.45299409865154, 13.72238010436147], [100.45294412823543, 13.722430116130553], [100.45290172678334, 13.72248912297432], [100.45284780944492, 13.722554977252125], [100.45279732458741, 13.722615161578567], [100.45276245636374, 13.722677513946968], [100.45267199174604, 13.722814770944478], [100.4526365256494, 13.722873736964322], [100.45259351743124, 13.72292822753361], [100.45253969724573, 13.723009900497575], [100.45250475242783, 13.723059823832244], [100.45245929364917, 13.723185515689439], [100.45243047520317, 13.723291900525627], [100.45240966365422, 13.723384678866978], [100.45236437250371, 13.723443702635539], [100.4523033455174, 13.723481349862393], [100.45224802966638, 13.723507663987267], [100.45212090862358, 13.723510671314562], [100.45201590193349, 13.723444621564521], [100.45196538992114, 13.723406500185], [100.45190856987367, 13.723376325531724], [100.4518470433959, 13.723332619117718], [100.45177051981175, 13.723293519737734], [100.45166503270806, 13.723243292861719], [100.45155203317775, 13.723193108278593], [100.45147358151627, 13.723122382400167], [100.4513992098032, 13.723057282273135], [100.45133810855064, 13.722988714288917], [100.45127407625283, 13.722913383800348], [100.45119842386774, 13.722827951097932], [100.45111694412257, 13.722734643847067], [100.45101619994271, 13.722609811094285], [100.4508760419994, 13.722466000631146], [100.45080184425241, 13.722429148052202], [100.45070165490334, 13.722394707102843], [100.45061090698701, 13.722391851115274], [100.4505445072936, 13.72240127976909], [100.4504822897575, 13.722433284687732], [100.45041881322781, 13.722448345901899], [100.45033167832896, 13.72246919667952], [100.44998869394729, 13.722233920455178], [100.44986147220693, 13.722126191857036], [100.44979145168357, 13.722110782613564], [100.44966736524432, 13.722231285810972], [100.4495691435914, 13.722329039030805], [100.44950319386544, 13.722411912556339], [100.4494409354537, 13.722437136848978], [100.4493365888969, 13.722478427421157], [100.44926275203287, 13.722500329754105], [100.44918880416984, 13.722504152577862], [100.44906974697022, 13.722502591166013], [100.44898357253604, 13.722491797180865], [100.44890433359413, 13.72248096248175], [100.44876595671927, 13.722438835962386], [100.44869801192078, 13.722384996756606], [100.4486121182082, 13.722325613032233], [100.44851042766629, 13.722234683239574], [100.44845864974685, 13.722178489244127], [100.44839706175972, 13.722124611760535], [100.4482952812757, 13.722018993004802], [100.4482257070327, 13.721982112490421], [100.44816239937873, 13.721930505829539], [100.44802232394017, 13.721894038571223], [100.44792810886766, 13.721891200996945], [100.4478111209183, 13.721850078467435], [100.4476941459373, 13.721811215708438], [100.44751630302562, 13.722118475210646], [100.4473995862902, 13.72231012122956], [100.44721628155929, 13.72266939042255], [100.44715518941129, 13.722790653348214], [100.44706841113604, 13.722964045499744], [100.44683139390911, 13.723423065052128], [100.44645500608901, 13.724149570606828], [100.44623019934231, 13.724620947733634], [100.44605792321921, 13.725082977510473], [100.4459696926489, 13.725302705993013], [100.44593397791301, 13.725415910449446], [100.44593782260458, 13.72557182151026], [100.44590926043355, 13.725626226508568], [100.44585254782017, 13.725707915205154], [100.4457896825146, 13.725728622426729], [100.44575501960367, 13.725824871407479], [100.4457322431787, 13.725880372471616], [100.44570723131974, 13.725948316109758], [100.44568215023656, 13.726004960616727], [100.44561558911532, 13.726177103208896], [100.4455796724928, 13.726257541068618], [100.44555463287116, 13.726320964141628], [100.4455272401568, 13.726377622170403], [100.44550106550213, 13.726444443552687], [100.4454737419672, 13.726512400707941], [100.44542410211032, 13.726616647003706], [100.44537504702487, 13.726722019823436], [100.44534941558356, 13.726783187344013], [100.44532271138519, 13.726857920584804], [100.4453012358798, 13.726937143034148], [100.44525976847726, 13.727054900917214], [100.44523995742053, 13.72712281408573], [100.44520881684409, 13.72722808203204], [100.4451673848848, 13.727351490370534], [100.44514299215419, 13.727426210071515], [100.44510436656745, 13.72753604163179], [100.44507026031414, 13.727628897435011], [100.4450396144826, 13.727720603030138], [100.4450169069345, 13.727787403186104], [100.44499239650393, 13.727842914355318], [100.44496276019349, 13.727910885010301], [100.44492749113529, 13.7280026176526], [100.4448682202786, 13.728138558939875], [100.4448067623051, 13.728294852182334], [100.4447720987154, 13.728391101986416], [100.44474533884905, 13.72845679498169], [100.4446889771113, 13.728596109983897], [100.444659362315, 13.728667470350707], [100.44463201066083, 13.728730906893357], [100.4446418519281, 13.728828026234302], [100.44474081757056, 13.728851176176141], [100.44489476046847, 13.728886433833205], [100.44497581041945, 13.72890968852221], [100.44508593008528, 13.728961022780789], [100.44523191308686, 13.729017795016407], [100.44534430198165, 13.729062335241832], [100.44540919259416, 13.729089075140605], [100.44548154050545, 13.729106730830368], [100.44544927868286, 13.729217655136706], [100.44542658499759, 13.729286715150906], [100.44538899746252, 13.729377331472339], [100.44532921700957, 13.729524575380486], [100.44527833773864, 13.729615269503457], [100.44525501855959, 13.729676424400095], [100.44522738576597, 13.729788451544561], [100.4452100107247, 13.729876689619092], [100.44526948246444, 13.729962217924601], [100.44534463708224, 13.729966297758926], [100.44541573256012, 13.7299681414289], [100.44552673771082, 13.729975401168106], [100.44559263301718, 13.729977275234743], [100.4457019113945, 13.729985674958424], [100.44580884355769, 13.72998843860779], [100.44587017705965, 13.730000508892827], [100.44598526213795, 13.730013394293385], [100.44606680135598, 13.730021956321638], [100.44613855091417, 13.730036225432288], [100.44612394105245, 13.730104108188932], [100.4460491880612, 13.730165564421332], [100.4460247330893, 13.730230114078525], [100.44601317196883, 13.730323968796528], [100.44599614253279, 13.730468702523401], [100.4459895825998, 13.73052975840711], [100.44598364719158, 13.730598720303385], [100.44597086191868, 13.730681281756702], [100.44596862243874, 13.730787510451915], [100.44648346249222, 13.731244385986008], [100.44691727695336, 13.731587609992985], [100.44922873389963, 13.733148076482163], [100.45000253163309, 13.733516416658345], [100.45006610139919, 13.733516043194022], [100.45014065834164, 13.733516735111433], [100.45020770249222, 13.733517471148357], [100.45030693574715, 13.73348976925691], [100.45038695182224, 13.733532237200619], [100.45045132784618, 13.733569147272563], [100.45050818599839, 13.7336049715564], [100.45059950226064, 13.733605564840097], [100.45068625781118, 13.733616355355236], [100.45079736189739, 13.733639430367594], [100.45086335450746, 13.733657122565637], [100.45092878311367, 13.733677077057635], [100.45102893481425, 13.733704737050557], [100.45161627013734, 13.733730662124527], [100.45167423376783, 13.733758569966097], [100.45173849365685, 13.733776272111726], [100.4518120895429, 13.73380860686703], [100.45187467044545, 13.733835358451481], [100.45199853735271, 13.733866268378524], [100.4520725860027, 13.73387826219086], [100.45215072174693, 13.733897011633042], [100.4522545581602, 13.733865892032131], [100.45231695034654, 13.733862135058375], [100.45239574146039, 13.733893310013302], [100.45248088169109, 13.733923317627092], [100.45254747231421, 13.73394439478085], [100.452618687137, 13.73396544560363], [100.45272695159122, 13.733996446073355], [100.45279873042946, 13.734015233622044], [100.45285865185362, 13.733985502210995], [100.45293953800055, 13.733981635308231], [100.45301639272283, 13.733980053819783], [100.45307882852092, 13.733983076091894], [100.45314131119707, 13.733994007718412], [100.45322919487924, 13.734000269970558], [100.45330375188519, 13.734000960915985], [100.45338995846912, 13.734016272580407], [100.45345069351335, 13.734024954518883], [100.45351773865035, 13.734025689635512], [100.45358544432706, 13.734039980234988], [100.45372751899598, 13.73402445410922], [100.45383159105644, 13.734031751646421], [100.45389755605292, 13.734044921558578], [100.45396697457974, 13.734055813017267], [100.45403754194905, 13.73406556593063], [100.45410219791206, 13.734053886426905], [100.45416734910125, 13.734028643696838], [100.45423321658348, 13.734025995710173], [100.45429795611464, 13.734027874148182], [100.45435919336786, 13.734024123462001], [100.4544464852069, 13.73402812886589], [100.45453376311022, 13.734029874423012], [100.45462558064975, 13.734018033808193], [100.45472776565849, 13.734000482309588], [100.4548299715552, 13.733986320493084], [100.45491601090801, 13.733974513832452], [100.45498645281127, 13.733963929040618], [100.45505176929294, 13.733965803880546], [100.45512808876332, 13.733971003678796], [100.455200508352, 13.733999955366592], [100.45527812215272, 13.734027747360095], [100.45533935238787, 13.734022865620862], [100.45542269646744, 13.734042713234262], [100.45550796173046, 13.733999272376932], [100.45558797699103, 13.733947952816425], [100.4556710151672, 13.733918085326994], [100.45575185141554, 13.733906309068093], [100.45583130355145, 13.733857252654156], [100.4559797059181, 13.733743382434625], [100.45605928257088, 13.733714664289248], [100.45612071497516, 13.733742550573215], [100.45619838456551, 13.733779380627315], [100.45629814715537, 13.733837549312021], [100.45637415284668, 13.733885688603092], [100.45643332951587, 13.733922627695742], [100.45650992712606, 13.733973024246506], [100.45656792709106, 13.734006580402834], [100.45662312127207, 13.73405371247807], [100.45669327126735, 13.7340894567897], [100.45675017827664, 13.734133188879174], [100.45681920133843, 13.734173459593585], [100.456876595569, 13.734202499452344], [100.456955406342, 13.734237062609706]]]}}, {"type": "Feature", "properties": {"fid": 3, "objectId": 158.0, "area": 1789169.756136, "perimeter": 7074.30957}, "geometry": {"type": "Polygon", "coordinates": [[[100.46380514896055, 13.73081347818404], [100.46388686068669, 13.730756496404625], [100.46394369086619, 13.730787797856946], [100.46396295373904, 13.73072553665445], [100.4639210156738, 13.730672677941259], [100.46394898905666, 13.73061714475565], [100.46397869611576, 13.730561601286803], [100.46400261017952, 13.730503832279874], [100.46404214845445, 13.730449360448363], [100.46407356111447, 13.730389287076974], [100.46411017481942, 13.730329182857247], [100.46414104461188, 13.730274762423724], [100.4641707586005, 13.73022034884236], [100.46420046556437, 13.730164805355306], [100.46421280153099, 13.730103715169294], [100.46427644297741, 13.73002198077351], [100.46431137106448, 13.72996979704783], [100.4643450680478, 13.729905189419922], [100.46437651563201, 13.729850765538364], [100.46440794216421, 13.729792951944454], [100.46444339290117, 13.729731724642775], [100.46447887868621, 13.729676146853365], [100.46451380760129, 13.729623962197806], [100.4645440993265, 13.72956954515745], [100.46457551969631, 13.729510601640165], [100.46460404966066, 13.72945167526689], [100.46463665993203, 13.729398374408914], [100.46467799377018, 13.729354061352415], [100.46471002003042, 13.72929963400717], [100.46474146044531, 13.729244080189948], [100.46475533260329, 13.729151342425281], [100.46480824619337, 13.729110350485811], [100.46483390062664, 13.729053701043947], [100.4648658276868, 13.728983455047947], [100.46489147508035, 13.728925675699278], [100.46491771438377, 13.728870152726133], [100.46494801996171, 13.72881799545799], [100.46496373092722, 13.72874219594758], [100.46500735695969, 13.728694478511823], [100.46503764145255, 13.728638931527275], [100.46506384561864, 13.728577759029145], [100.4650958567425, 13.72852107184954], [100.46512438647673, 13.728462145436517], [100.4651517884793, 13.728407745491637], [100.46519648508765, 13.72834646324703], [100.46522967298051, 13.728293158905409], [100.46521368407258, 13.728231106838797], [100.46519482677199, 13.728172461625391], [100.46524421753224, 13.728122450965865], [100.4652998773758, 13.72815149921083], [100.46535257923588, 13.728076610102866], [100.4653892212885, 13.728021025356904], [100.46541836387118, 13.72796774500547], [100.46544634364629, 13.727913341608538], [100.46548125106204, 13.727857767147903], [100.46551503075241, 13.727806719154907], [100.46554764061679, 13.727753418213034], [100.4655791017071, 13.727701254031079], [100.46560994278566, 13.727642312955886], [100.46566204643256, 13.727564038420384], [100.46570273263329, 13.727508429634668], [100.46574168607034, 13.727452830225761], [100.46577719932118, 13.72740177281942], [100.46581326236095, 13.727346190560109], [100.465849945388, 13.727297385186382], [100.46588946168971, 13.72723952343365], [100.46593069057883, 13.727178261675938], [100.46599065750061, 13.727156436716555], [100.46605046296753, 13.727108623983918], [100.46607782952455, 13.727048574454603], [100.46609115130113, 13.726960359705853], [100.46614992727925, 13.726932892063816], [100.46618427849525, 13.726880710663993], [100.4662582642516, 13.726789875812125], [100.46630651184891, 13.726742131659533], [100.4663425746769, 13.726686550246512], [100.46638729875636, 13.726629787451488], [100.46634364841897, 13.726580329117173], [100.46636002800368, 13.726519214865268], [100.4664106572768, 13.72648275599717], [100.46643630406737, 13.726424976541733], [100.46647297279083, 13.726373911294228], [100.46651484948585, 13.726323945057628], [100.46656651998266, 13.726362056290759], [100.4666324269781, 13.726366184634545], [100.46666443838383, 13.726309497303957], [100.46671031808748, 13.726252727599077], [100.4667539213413, 13.726201621129169], [100.4667853538888, 13.726144937225284], [100.46682608875246, 13.726097237615324], [100.46686102368896, 13.726046182620234], [100.46689769928628, 13.7259962472255], [100.46694424805224, 13.725954161880088], [100.466998929327, 13.725918809687045], [100.46703619070774, 13.725870000739892], [100.46706822819496, 13.725817832087069], [100.46710950664286, 13.725764480394892], [100.4671438425175, 13.725710039096198], [100.46717817134764, 13.725654466987999], [100.46721192930895, 13.725600029115878], [100.4672329527573, 13.725542277069994], [100.46722677355862, 13.72547790698186], [100.46730215308946, 13.72542548169674], [100.46728034295323, 13.72535668470788], [100.46722692489878, 13.72531632410645], [100.46721265536206, 13.725252002082858], [100.46726493359184, 13.725201973950531], [100.46731831839361, 13.725144029627138], [100.46735379585667, 13.725087321639172], [100.46761584956587, 13.724850736152163], [100.46771575449746, 13.72474618670272], [100.46780267725565, 13.724691433708704], [100.46787456101121, 13.72463450837931], [100.46792460474207, 13.724596923696025], [100.46797464234281, 13.724558207288895], [100.46802293834523, 13.724518373089762], [100.46807182626061, 13.724480794347258], [100.46812303270245, 13.724444330853405], [100.4681870438629, 13.724422482302872], [100.46823944117945, 13.724391662329593], [100.46829414297237, 13.72435969870227], [100.46834826686991, 13.724327738499982], [100.46840296862604, 13.724295773947434], [100.46845767037776, 13.724263811192008], [100.46851179515338, 13.724231850952558], [100.46856648891395, 13.724198757375813], [100.46862061273372, 13.724166797120816], [100.46867531534181, 13.724134833413377], [100.4687501654414, 13.724090320502862], [100.46880428920873, 13.72405836021231], [100.46885899083946, 13.724026396474418], [100.46891369948584, 13.72399556262724], [100.46896898599576, 13.723964725332188], [100.46902427249034, 13.72393388802613], [100.46907955896961, 13.723903050709064], [100.46913484635814, 13.723872213375495], [100.46919013188213, 13.72384137604192], [100.4692501266594, 13.723824069999816], [100.46931003610501, 13.723793205134557], [100.46936532250918, 13.723762367760214], [100.46942061593157, 13.723732660276054], [100.46947590230533, 13.723701822879676], [100.46953177357564, 13.723672111935075], [100.4695870599189, 13.723641274516538], [100.46966769548135, 13.723597856875426], [100.46972239687483, 13.723565892967521], [100.46977709825268, 13.723533929048898], [100.4698317996149, 13.723501965119564], [100.46988708679896, 13.723471127635861], [100.4699423730431, 13.723440290146653], [100.46999650351779, 13.723409459525202], [100.47005178269505, 13.723377492113325], [100.47010649101627, 13.723346658030996], [100.47016177719912, 13.723315820498161], [100.47020715501777, 13.723271482621787], [100.47029467558171, 13.723220114215172], [100.47034937679348, 13.723188150184713], [100.47037403560962, 13.723250150233332], [100.47040672656047, 13.723303062918774], [100.47044573379127, 13.723349158338447], [100.47051245780075, 13.72329904361153], [100.47055259946143, 13.723249087140097], [100.470522570788, 13.723160000462626], [100.4706100499238, 13.72310185254541], [100.47057786552686, 13.72303763744601], [100.47079463298783, 13.722953860926177], [100.47085167372481, 13.722926402634418], [100.47090871444743, 13.722898944330753], [100.47096517023978, 13.722870359556213], [100.47102162694205, 13.722841774764564], [100.47107808178045, 13.72281318997233], [100.47110954195446, 13.722761025248507], [100.47121036027794, 13.722710707292375], [100.4712967528091, 13.722663865056525], [100.47135854316805, 13.722656717327622], [100.47145277902422, 13.722662935603351], [100.47150899487275, 13.722688589369884], [100.4715773320196, 13.722711911021241], [100.4716452603517, 13.722762353698988], [100.47170647988538, 13.722756339224727], [100.47174748763346, 13.722845361207566], [100.47181618433787, 13.72283365244049], [100.47184524830504, 13.722767942612464], [100.47183834219562, 13.722679847383159], [100.47181185904397, 13.72251051388414], [100.47171178111526, 13.722494161070715], [100.47164717218558, 13.722419969842123], [100.47164595397632, 13.722131840945789], [100.47164480559286, 13.722040322471537], [100.471662874935, 13.721972418285514], [100.47163835808239, 13.721840361117128], [100.47162038098043, 13.72173764347863], [100.47166735097733, 13.721670697053376], [100.47165482124166, 13.721607494939253], [100.47164344021552, 13.721543156037708], [100.47163263706928, 13.721478813691952], [100.4716224258882, 13.721416727702694], [100.47160355367718, 13.721355822348196], [100.47157596411296, 13.721287060231118], [100.47155582443595, 13.721208084248206], [100.47152017288037, 13.721143889916833], [100.47149378748256, 13.721083030207934], [100.47146223035438, 13.721026721070695], [100.47142552169763, 13.72097835220979], [100.47140089293173, 13.720920871849845], [100.47137741899537, 13.720863384607526], [100.47131923764613, 13.720800454371496], [100.47127608002846, 13.720737434639698], [100.47123811102746, 13.720672123207267], [100.47119669410709, 13.720610223032216], [100.47115880871424, 13.720558471299286], [100.47112319257727, 13.72049992638974], [100.47107885913809, 13.720433523786328], [100.47104327916415, 13.720380628358656], [100.47100478689343, 13.720324360437871], [100.47096515483102, 13.720270359181178], [100.47088583871239, 13.720154446449737], [100.4708508296577, 13.720100417643168], [100.47081814432165, 13.720048634880564], [100.47077787114064, 13.719984467916575], [100.47070784960178, 13.71996906558399], [100.47068663815652, 13.719903655178227], [100.47065566722749, 13.719848472352833], [100.47062578686571, 13.71978311354448], [100.47058952978902, 13.719714402860642], [100.47056201815585, 13.719658069483343], [100.47051716439124, 13.719600708481419], [100.47045543196222, 13.719524240710525], [100.4704123390718, 13.71947138897516], [100.47037387525555, 13.719419640526441], [100.47035501764758, 13.719360995724765], [100.47030559031167, 13.719311572397931], [100.47025967055959, 13.71926890784316], [100.47020852280798, 13.719221754617404], [100.47014705881695, 13.719188222084858], [100.47009243594614, 13.719139959567048], [100.47006142213205, 13.719077996333633], [100.47002057054624, 13.719013832647937], [100.46998614584865, 13.718960930145592], [100.46993302548373, 13.718875370517491], [100.46988751587892, 13.71880558479948], [100.4698262351413, 13.718708774257301], [100.4697853555594, 13.718640090912125], [100.46973933850622, 13.718581607609302], [100.46966949539085, 13.718501796197213], [100.46962220312561, 13.718424111414372], [100.46957259240271, 13.718345310465855], [100.46952076166104, 13.718281211972931], [100.46947878276812, 13.71822157464567], [100.46943483829246, 13.718124660863193], [100.46937693371937, 13.718013139921014], [100.46931893874572, 13.717886931134096], [100.46926936950294, 13.717814909516232], [100.4692417811136, 13.717746147009505], [100.46922062656093, 13.717689775620403], [100.46919343423168, 13.717591632214493], [100.46917562739073, 13.717516031869884], [100.4691535927727, 13.71741107812448], [100.46911332112774, 13.717254255395986], [100.46914280062768, 13.717162553772098], [100.46914521198396, 13.717085703261077], [100.46914763739865, 13.717011112553617], [100.46915067581901, 13.716942167919807], [100.4691546591033, 13.716839319355431], [100.46915699314896, 13.716750039921452], [100.46915990505715, 13.71666075705124], [100.4691617947875, 13.716592949189689], [100.46917546113217, 13.716467444176054], [100.46917971149674, 13.716407530980966], [100.4691902770796, 13.716340801478973], [100.46920310397321, 13.716266148925301], [100.46921593086113, 13.716191496371337], [100.46922815176957, 13.71611232764493], [100.46923930129735, 13.716046724613715], [100.46924224833644, 13.715963091251595], [100.46900974519626, 13.715931705167439], [100.46883832390927, 13.715965492542134], [100.46877021381314, 13.715978325864848], [100.46849085309543, 13.716031963604273], [100.46833845976802, 13.716058857901853], [100.46817013917412, 13.716126524733006], [100.4681085881896, 13.716172088198196], [100.46802960398546, 13.71620193599957], [100.46795000678637, 13.716226137697312], [100.46783103784018, 13.71623814385851], [100.46776879747179, 13.716265632231766], [100.46763388009637, 13.716315021199785], [100.46760728843523, 13.716406704639043], [100.46750380225203, 13.716399409638601], [100.46745730443924, 13.71644940333818], [100.4673752833197, 13.716455540145112], [100.46729280366418, 13.716480888706553], [100.46723218443256, 13.716490288215223], [100.46715083941017, 13.71651224016048], [100.46704121427288, 13.716540009705605], [100.46697312492434, 13.716556233171818], [100.46691962152416, 13.71659496892583], [100.46679267450752, 13.716625101088331], [100.46666057581564, 13.71666317338081], [100.46659660860499, 13.716691801675722], [100.4665337199244, 13.71670799415995], [100.46648142918458, 13.716755762191069], [100.46640355816359, 13.716778823232072], [100.4663204653233, 13.716798525402304], [100.46619415113861, 13.716837692175421], [100.46611514537769, 13.716864150603046], [100.46603382112325, 13.716889491009796], [100.46590636606047, 13.716930925207768], [100.46586563940164, 13.716979755367891], [100.46580739451448, 13.716999309965255], [100.46554784626454, 13.717079944798668], [100.46544342838394, 13.717108812735596], [100.46535863678086, 13.717134174402256], [100.46527039199928, 13.717161816410174], [100.46501309964499, 13.71723339867589], [100.4649283149455, 13.717259890107744], [100.46486889313903, 13.717276061637813], [100.46480140225903, 13.717295670827111], [100.46467680706498, 13.717332567692903], [100.4645383650424, 13.717372936410502], [100.4644679847798, 13.717392562639736], [100.4643393173202, 13.717424963697306], [100.46428047235752, 13.71744113167459], [100.46418065693206, 13.7174665819931], [100.46401276373555, 13.717510514790114], [100.46393661873938, 13.717532434924648], [100.46382411029522, 13.71756135014839], [100.46375492764537, 13.717587748766459], [100.46367768988931, 13.717619844814646], [100.46359922635612, 13.71764064863965], [100.46347520951798, 13.717677540602871], [100.46335752815561, 13.717711006954026], [100.46326981779099, 13.717731865444753], [100.46319832354936, 13.717758276702869], [100.46313952132608, 13.717781223848093], [100.4630795563654, 13.717803048823042], [100.46301442559317, 13.717830552296777], [100.4629152357534, 13.717863908052214], [100.46282932278896, 13.717894925271622], [100.4628338096879, 13.717779644162325], [100.46284017715901, 13.717688080795511], [100.46284847115113, 13.717534358963237], [100.4628547546342, 13.717429236734281], [100.46286063522204, 13.717352365553788], [100.46285607623095, 13.717176119978687], [100.46284908382438, 13.716886895052523], [100.4628495476271, 13.716775027593991], [100.46285876242743, 13.716676667686707], [100.46287303101697, 13.716554548981092], [100.4628824627597, 13.716491216133564], [100.46290461445759, 13.716428937927537], [100.46295170517409, 13.716381200474029], [100.46301787231324, 13.71633448182325], [100.46304521071815, 13.716269913006824], [100.46306040701909, 13.716204285229054], [100.46306463095786, 13.716139853266483], [100.4630728649269, 13.716069747828461], [100.46308910495335, 13.715986035629271], [100.46310249066478, 13.715907990062306], [100.4631146996518, 13.71582656162253], [100.46312581683055, 13.715755309165942], [100.46314040723905, 13.715685166091031], [100.4631681694268, 13.715595735934688], [100.46319584060436, 13.715491617010308], [100.46321449699123, 13.71542483879402], [100.46322798764601, 13.715363742704646], [100.46324724987997, 13.715301481589892], [100.46326303794726, 13.71523811019514], [100.46328338588567, 13.715164543184741], [100.46331109197908, 13.715066073779523], [100.46332862759951, 13.715004952831734], [100.46334558627888, 13.71494383529959], [100.46336427060028, 13.714881577601934], [100.46337366718988, 13.714812595221824], [100.4635538018543, 13.71385333296178], [100.46019880683195, 13.713038142721345], [100.46017346776591, 13.713145637492762], [100.46013783020634, 13.71327014323004], [100.46009512658722, 13.713373220790206], [100.46007177671373, 13.713428726190733], [100.46003929287676, 13.713502364718932], [100.46000098158378, 13.713568128032215], [100.45995737959564, 13.713713018965882], [100.45992964423257, 13.713806968501526], [100.45987581624537, 13.713980168537763], [100.45986026470136, 13.714081955736216], [100.45983093535168, 13.714198513645078], [100.45981105948408, 13.714255129362352], [100.45979197093541, 13.714345637969618], [100.45976580750919, 13.714413589402074], [100.45973232927126, 13.714513222588215], [100.4597079282416, 13.714585683399921], [100.45968011498177, 13.714667203950162], [100.4596238844748, 13.714825728819633], [100.45955863855356, 13.71502159521934], [100.45952680205818, 13.715106529365869], [100.4595023729947, 13.715174470538297], [100.45947962164637, 13.715233362214905], [100.4594609502147, 13.715297879536106], [100.45943615876085, 13.715400852144601], [100.45941072053526, 13.715492528185013], [100.45937894676965, 13.71558763148427], [100.4593562512093, 13.715655562410939], [100.45933425217686, 13.715742698343583], [100.45930077967716, 13.715843461410353], [100.45927868986175, 13.715915908548903], [100.45926462028979, 13.71597700884151], [100.45924138171182, 13.716050592710333], [100.45920836833177, 13.716132143937898], [100.45914298127822, 13.716305413045943], [100.45909862697148, 13.716422059629458], [100.45907188623192, 13.716490014426972], [100.45905377154472, 13.716551138598605], [100.45904607234871, 13.716614461166069], [100.45904264156009, 13.716713916875808], [100.4590399771031, 13.716843876664276], [100.45901689195975, 13.716942318478473], [100.45899993994398, 13.7170045657317], [100.45897777318679, 13.717064584782667], [100.45894409798282, 13.717132580518442], [100.45891682115223, 13.717207318162558], [100.45889404856987, 13.717262820088598], [100.45884504223484, 13.717374973416469], [100.45882821579089, 13.717457559895857], [100.45881244735035, 13.717524319947273], [100.45877850127265, 13.717642034995624], [100.45875412065523, 13.717717885478269], [100.4587336803989, 13.717776763470658], [100.45868215539326, 13.717948819816783], [100.45865897930946, 13.718032572821455], [100.4586125494085, 13.718187649854022], [100.45854178713826, 13.71833270189356], [100.4585062943142, 13.718387148940952], [100.45840184507269, 13.718785507356534], [100.45836158397759, 13.718910039340551], [100.45832976666631, 13.71899836312937], [100.45828024563806, 13.719120689867454], [100.45824437015554, 13.719206777706278], [100.45820569601314, 13.719307572294536], [100.45817894080567, 13.719373266319716], [100.45814934507992, 13.71944688765168], [100.45811916449547, 13.719519383388777], [100.45808211223326, 13.719602088312612], [100.45802347062354, 13.719744807920476], [100.45794317587789, 13.719937373042557], [100.45791186036071, 13.720013264402976], [100.45789258246843, 13.720073265442691], [100.45786877228335, 13.720147982559244], [100.45784450979231, 13.720243042321544], [100.4578311431454, 13.720324477497165], [100.45780718665291, 13.720469252284095], [100.45778332268023, 13.720628715854984], [100.45773668257131, 13.720749895577983], [100.45760327635551, 13.720670456424662], [100.4574229020597, 13.720565304568092], [100.45671088845668, 13.72018306072365], [100.4563658834088, 13.719995263388583], [100.45627020696172, 13.719942719784154], [100.45604581097514, 13.719820877962984], [100.45594841497423, 13.719770603349454], [100.45585855224911, 13.719723675052194], [100.45566605103524, 13.719619724080522], [100.45544111165417, 13.719503534598884], [100.45537155135803, 13.719562700867172], [100.45535322676234, 13.719683714340364], [100.45532563544914, 13.719895177475296], [100.45530353730626, 13.720060280310797], [100.45528868685939, 13.720182402361166], [100.4552754725266, 13.720288695477036], [100.4552463146496, 13.720527287531677], [100.45520749907885, 13.720793054364286], [100.45517560494953, 13.721056520521657], [100.45516023226295, 13.721187685240958], [100.45513601746875, 13.721384440030953], [100.45511467021106, 13.721577787174578], [100.45500388615505, 13.722543417670124], [100.45490936478569, 13.723428725911658], [100.45502858220982, 13.723362486542095], [100.45516172441872, 13.723305204677722], [100.45522581344595, 13.723295787485721], [100.45528935941434, 13.723292023224495], [100.45537088329556, 13.723298322558245], [100.4554397128559, 13.72330808651744], [100.4555224830716, 13.723329067797122], [100.45558672535839, 13.72334450849352], [100.45565790222533, 13.723359909206469], [100.45578578804819, 13.72338740418945], [100.45593277183333, 13.72341930632224], [100.45609884662369, 13.723454485661131], [100.45622847313928, 13.72348310009164], [100.45633435172302, 13.723502814889057], [100.45652124333525, 13.723540131083645], [100.45664391536943, 13.72356539735612], [100.45675546119467, 13.72366078510831], [100.45693338674626, 13.7237433518025], [100.45722044131878, 13.723810585170627], [100.45739636140435, 13.723849095347628], [100.45748894800366, 13.723868888058728], [100.4575629168301, 13.723868452441845], [100.45763625892633, 13.723860109959386], [100.45771200417383, 13.723866442599736], [100.45777439442602, 13.723862684509216], [100.45786062435278, 13.723882514597076], [100.45792836906529, 13.723903583721636], [100.45803487371857, 13.723931203699056], [100.45816748775609, 13.72397561869967], [100.4582347314208, 13.724009121025665], [100.4583112221284, 13.724042567826968], [100.45835778075636, 13.72409540046511], [100.45838758688755, 13.724149461964629], [100.45841633593011, 13.724219348972692], [100.45841972798651, 13.724300685194374], [100.45840452309227, 13.724365182015115], [100.4583985433689, 13.724426234515487], [100.45837703062219, 13.724498678219897], [100.45834796350034, 13.72456438684443], [100.45834718471, 13.724625408632674], [100.4583383295181, 13.724688738008116], [100.45832485823726, 13.724753224589383], [100.45832529804181, 13.724824408712964], [100.45832119157643, 13.724908050013388], [100.45832225721212, 13.724987140076156], [100.45833884985403, 13.725053709021948], [100.45833818277312, 13.725132809315209], [100.458337397937, 13.72519270118901], [100.45833973804167, 13.725290992837564], [100.45835017644755, 13.72539036660983], [100.45834769892951, 13.725457048165499], [100.45845184554673, 13.725570558753288], [100.45852512086222, 13.725644702543937], [100.45857912863136, 13.725687321573863], [100.45863776042965, 13.725729913277483], [100.45868824598143, 13.725763513502484], [100.45877641983199, 13.725817230142354], [100.45883607477106, 13.725838346743183], [100.45890075700903, 13.725831184938498], [100.45896126739292, 13.725803708708268], [100.45904884758393, 13.72576138321027], [100.45922059643821, 13.725685791867908], [100.45929031098996, 13.7256514814915], [100.45938135230539, 13.725608005485709], [100.45945069061572, 13.725606465765377], [100.45951217003152, 13.725642260735334], [100.45957058136916, 13.725742481722348], [100.45960977393416, 13.72581908648926], [100.45968994357087, 13.725980195078293], [100.45973265338102, 13.726064688656775], [100.45977300974647, 13.726142416453587], [100.45984425272424, 13.726261769693359], [100.45994734946194, 13.72639223495505], [100.45997270186534, 13.726473441253408], [100.46004511481084, 13.726595047390052], [100.46008662947996, 13.726766553865813], [100.46009533507979, 13.726865937724126], [100.46010727267817, 13.727020669870553], [100.46011600627608, 13.727124574250706], [100.46013212896227, 13.727301880581292], [100.46013353878556, 13.727436335927372], [100.46012678825005, 13.727559540058689], [100.46012950530104, 13.727625061815623], [100.46014833021817, 13.72786562827523], [100.46017834798053, 13.727953587517723], [100.46022429835944, 13.728094559125159], [100.46025196873168, 13.72817688159646], [100.46029315530711, 13.728295282419392], [100.46036076662298, 13.728481323740631], [100.46045363304826, 13.72873275345355], [100.4604771194023, 13.728792501697779], [100.46053412614447, 13.728945837216244], [100.4605967650264, 13.729075410515756], [100.46066614020715, 13.729079519873899], [100.46077080885802, 13.729090200979215], [100.4609050619997, 13.72911878522291], [100.46103063976894, 13.729146290782545], [100.46110360919015, 13.729170717779118], [100.46117717658439, 13.729198531052507], [100.46126693900872, 13.72922850834179], [100.46150730371988, 13.72931409143071], [100.46159074438867, 13.729349756651176], [100.46169158488621, 13.729395487436596], [100.46176174804023, 13.729433490190903], [100.46186399640563, 13.729519890617743], [100.46194775922767, 13.729607530405353], [100.46202221978966, 13.7296861856788], [100.46213650565723, 13.729943137405757], [100.46215827289195, 13.730005155506223], [100.46220018244962, 13.730053494955909], [100.46223173192182, 13.73010867543366], [100.46228171804634, 13.73015470713709], [100.46235308633005, 13.730200612172377], [100.46254845352978, 13.730298890955268], [100.46263327905596, 13.730278048483598], [100.46269296343789, 13.7303036845179], [100.46273950332771, 13.730353126370652], [100.46276930526754, 13.7304060572262], [100.46280720477365, 13.730460070040689], [100.46284862772134, 13.730523101532365], [100.46285075280714, 13.73058636588349], [100.4628320754661, 13.730649753502068], [100.46284863396039, 13.730710672434611], [100.46290243894359, 13.730813178626267], [100.46294855430908, 13.73088748264148], [100.46305906247441, 13.73100095220092], [100.46321452763402, 13.731094946159937], [100.46338804183276, 13.731210301970611], [100.46348537785595, 13.731343058454152], [100.4635627772678, 13.731243164413925], [100.46359881332852, 13.731183064577989], [100.46365236854551, 13.731152237628063], [100.46365595118169, 13.731077640919333], [100.4636815990533, 13.731019860749575], [100.46370841765825, 13.730964334430425], [100.46376015407793, 13.73091995981092], [100.46380320985206, 13.730873376765501], [100.46380514896055, 13.73081347818404]]]}}, {"type": "Feature", "properties": {"fid": 4, "objectId": 160.0, "area": 3327407.568827, "perimeter": 7732.729004}, "geometry": {"type": "Polygon", "coordinates": [[[100.44596862243874, 13.730787510451915], [100.44597086191868, 13.730681281756702], [100.44598364719158, 13.730598720303385], [100.4459895825998, 13.73052975840711], [100.44599614253279, 13.730468702523401], [100.44601317196883, 13.730323968796528], [100.4460247330893, 13.730230114078525], [100.4460491880612, 13.730165564421332], [100.44612394105245, 13.730104108188932], [100.44613855091417, 13.730036225432288], [100.44606680135598, 13.730021956321638], [100.44598526213795, 13.730013394293385], [100.44587017705965, 13.730000508892827], [100.44580884355769, 13.72998843860779], [100.4457019113945, 13.729985674958424], [100.44559263301718, 13.729977275234743], [100.44552673771082, 13.729975401168106], [100.44541573256012, 13.7299681414289], [100.44534463708224, 13.729966297758926], [100.44526948246444, 13.729962217924601], [100.4452100107247, 13.729876689619092], [100.44522738576597, 13.729788451544561], [100.44525501855959, 13.729676424400095], [100.44527833773864, 13.729615269503457], [100.44532921700957, 13.729524575380486], [100.44538899746252, 13.729377331472339], [100.44542658499759, 13.729286715150906], [100.44544927868286, 13.729217655136706], [100.44548154050545, 13.729106730830368], [100.44540919259416, 13.729089075140605], [100.44534430198165, 13.729062335241832], [100.44523191308686, 13.729017795016407], [100.44508593008528, 13.728961022780789], [100.44497581041945, 13.72890968852221], [100.44489476046847, 13.728886433833205], [100.44474081757056, 13.728851176176141], [100.4446418519281, 13.728828026234302], [100.44463201066083, 13.728730906893357], [100.444659362315, 13.728667470350707], [100.4446889771113, 13.728596109983897], [100.44474533884905, 13.72845679498169], [100.4447720987154, 13.728391101986416], [100.4448067623051, 13.728294852182334], [100.4448682202786, 13.728138558939875], [100.44492749113529, 13.7280026176526], [100.44496276019349, 13.727910885010301], [100.44499239650393, 13.727842914355318], [100.4450169069345, 13.727787403186104], [100.4450396144826, 13.727720603030138], [100.44507026031414, 13.727628897435011], [100.44510436656745, 13.72753604163179], [100.44514299215419, 13.727426210071515], [100.4451673848848, 13.727351490370534], [100.44520881684409, 13.72722808203204], [100.44523995742053, 13.72712281408573], [100.44525976847726, 13.727054900917214], [100.4453012358798, 13.726937143034148], [100.44532271138519, 13.726857920584804], [100.44534941558356, 13.726783187344013], [100.44537504702487, 13.726722019823436], [100.44542410211032, 13.726616647003706], [100.4454737419672, 13.726512400707941], [100.44550106550213, 13.726444443552687], [100.4455272401568, 13.726377622170403], [100.44555463287116, 13.726320964141628], [100.4455796724928, 13.726257541068618], [100.44561558911532, 13.726177103208896], [100.44568215023656, 13.726004960616727], [100.44570723131974, 13.725948316109758], [100.4457322431787, 13.725880372471616], [100.44575501960367, 13.725824871407479], [100.4457896825146, 13.725728622426729], [100.44585254782017, 13.725707915205154], [100.44590926043355, 13.725626226508568], [100.44593782260458, 13.72557182151026], [100.44593397791301, 13.725415910449446], [100.4459696926489, 13.725302705993013], [100.44605792321921, 13.725082977510473], [100.44623019934231, 13.724620947733634], [100.44645500608901, 13.724149570606828], [100.44683139390911, 13.723423065052128], [100.44706841113604, 13.722964045499744], [100.44715518941129, 13.722790653348214], [100.44721628155929, 13.72266939042255], [100.4473995862902, 13.72231012122956], [100.44751630302562, 13.722118475210646], [100.4476941459373, 13.721811215708438], [100.44759689692307, 13.721784665868602], [100.44752025574505, 13.721726357445116], [100.44742070419423, 13.72160716577435], [100.44735906117069, 13.721544249594915], [100.44729926263915, 13.721499401840243], [100.44716473084885, 13.721424483167743], [100.4470111499417, 13.721353065860706], [100.44681120040626, 13.721259320062536], [100.44669933073872, 13.721204607537729], [100.44662983910516, 13.721181285483583], [100.44649098925014, 13.721156109648765], [100.44636607077585, 13.721141021745709], [100.44628105447023, 13.721130219072988], [100.44612949043142, 13.721105117466854], [100.44605663633833, 13.721098765137608], [100.44599298675686, 13.721085577376503], [100.4459083260052, 13.721038614872624], [100.4457930170266, 13.72098844185339], [100.4456974320246, 13.720950582837746], [100.44556700054233, 13.720884678850254], [100.44542167667545, 13.7208403310522], [100.44532622319292, 13.720823939335471], [100.44518608645637, 13.720777301133653], [100.44509461591099, 13.720750717338497], [100.44503265168296, 13.720729610680971], [100.4449482332436, 13.720722194798828], [100.44490863336536, 13.72067270843593], [100.44479053906524, 13.720639500517155], [100.4447212699013, 13.720652335130474], [100.44465080349359, 13.72065839700011], [100.44454564971556, 13.720662401780624], [100.44447748788481, 13.72066731926681], [100.44439255380404, 13.720670076700594], [100.44427741805318, 13.720648150776618], [100.44417839375497, 13.720614830158516], [100.44410543614046, 13.720591527615541], [100.44403946143315, 13.720576093913982], [100.44396596051416, 13.720558444276787], [100.4438546972369, 13.720508246642106], [100.443815654759, 13.720455366956205], [100.44376799251567, 13.720410447322894], [100.4437191538112, 13.720362144689389], [100.4436726680832, 13.720320608022835], [100.44362553540658, 13.720267774673564], [100.44356567566763, 13.720212756677308], [100.44351632133919, 13.720174626602862], [100.44347095689756, 13.720127433564215], [100.44342562701046, 13.72008589008847], [100.44336582261917, 13.720039911351227], [100.4433094578775, 13.719989392681466], [100.44326237277454, 13.719944469559444], [100.4432187360724, 13.719896136416095], [100.44317222979969, 13.719851208987803], [100.44312287560831, 13.719813078819927], [100.44306429522777, 13.719778393302576], [100.44300579956257, 13.719757264929438], [100.44294504580095, 13.71974519027626], [100.44288649399708, 13.719715023462747], [100.44283140255264, 13.719683706469244], [100.44276756015216, 13.719638881103666], [100.44270773528419, 13.71958951243652], [100.4426467201753, 13.719534500925771], [100.4425996431127, 13.71949070756412], [100.44255828268693, 13.71943671121311], [100.44250894248069, 13.719400840733304], [100.4424601180374, 13.719354796727444], [100.44241332213336, 13.71926241359441], [100.44238117326577, 13.719202713646773], [100.4423441874766, 13.719108013309144], [100.44231202484787, 13.719046053517406], [100.44226548441414, 13.718995477209207], [100.44220917535576, 13.71895399665526], [100.44211392800922, 13.718876586600235], [100.44206566782678, 13.7188282792923], [100.4419226141337, 13.718682219977763], [100.44187257902367, 13.718627144151926], [100.44183066174735, 13.718576540763268], [100.44178875828662, 13.718528197196719], [100.44174742581723, 13.718478720333453], [100.44171186518898, 13.718428079825644], [100.4416687991324, 13.718378612157592], [100.44161354950523, 13.718321306781334], [100.44155504649254, 13.718299049007387], [100.44149421131108, 13.71827341495704], [100.44143052126638, 13.718253447325953], [100.44135699361802, 13.71823127715521], [100.44128694700389, 13.718211346567148], [100.4411297166937, 13.718204354014402], [100.44110155824559, 13.718135590927142], [100.44108327281964, 13.718074679943664], [100.44105571203508, 13.718009303230613], [100.44101824657155, 13.717930424804301], [100.44097618389047, 13.717856092101758], [100.44091756384285, 13.717814625585083], [100.44082879113029, 13.717756385541144], [100.44076853402588, 13.717730747919646], [100.44070075772191, 13.717704024169198], [100.44056646428098, 13.717667518613842], [100.44050207253245, 13.71762721559394], [100.44043193655878, 13.71759259582503], [100.4403757108357, 13.717564673780567], [100.44030209389248, 13.717527814350124], [100.44024238030983, 13.717496523637617], [100.44017637907325, 13.71747656912425], [100.44010571354465, 13.717449862037132], [100.4400529335207, 13.717418530863236], [100.43997587792761, 13.717386211194015], [100.43990051370521, 13.717347101901536], [100.43982629146872, 13.717305726015432], [100.4397780449202, 13.717259678919648], [100.43973724274, 13.71720228886734], [100.43969231283934, 13.717131363373733], [100.4396398637725, 13.717059350817213], [100.4395881106219, 13.717006544364079], [100.43939490889207, 13.71688111470544], [100.43933463055797, 13.716852086949535], [100.4392632841406, 13.716808434203209], [100.43910869710402, 13.716760745511202], [100.43896967128089, 13.716706188161323], [100.438844459281, 13.716642508824064], [100.4387898780748, 13.716599888260621], [100.43871791265728, 13.716549459199385], [100.4386523313501, 13.716503512775075], [100.43857414020088, 13.716474589104353], [100.43850356365695, 13.716462570441369], [100.43839484278729, 13.716449643841875], [100.43831969835698, 13.716446691375044], [100.43816721683481, 13.716460008413604], [100.43804874007562, 13.716458437112856], [100.43796424747951, 13.716438589574372], [100.43785533997689, 13.716395154959509], [100.43769547694917, 13.71633506739712], [100.43751073723898, 13.716270604609837], [100.43739736509436, 13.716253184783806], [100.43728981976628, 13.716243639815087], [100.43716840562234, 13.716234177267665], [100.43710422789826, 13.716228899820539], [100.43698453360956, 13.716217166358781], [100.43678907676166, 13.716195703740752], [100.43668672540153, 13.716184999250265], [100.43658856939278, 13.716199129410318], [100.43650189606115, 13.716200763238485], [100.43633719679232, 13.716200590664801], [100.43619160151356, 13.71620595674216], [100.43593123797307, 13.716154360878894], [100.43582879046947, 13.716127837164317], [100.43576858916491, 13.716111237576142], [100.43561694644352, 13.716072570054807], [100.43548498653159, 13.716039437891732], [100.43542305166216, 13.716022848285274], [100.43528293985018, 13.715979593731127], [100.43502994478757, 13.715904225840687], [100.43494192355057, 13.715874227180636], [100.43484235185082, 13.715845426417093], [100.4347266195459, 13.715820109316486], [100.43454730903109, 13.715792901332367], [100.43441084308307, 13.715779004033513], [100.43424087454802, 13.715767561025736], [100.43407228128113, 13.715792268622565], [100.4338384369182, 13.715825263537564], [100.43364097665359, 13.715854658180637], [100.43334827376562, 13.71580663790348], [100.43316025416419, 13.715772699652254], [100.43308458774786, 13.715778787368645], [100.43286514096391, 13.715803789061027], [100.43275139692743, 13.715820268911363], [100.43260761056914, 13.71583805103066], [100.43248804668231, 13.71584778383732], [100.43240730958973, 13.715875370892313], [100.43235086350369, 13.71590620700564], [100.43223792332353, 13.715959969753598], [100.4321709864904, 13.715976177148526], [100.4321039391064, 13.71597430580113], [100.43203569580518, 13.71596566160356], [100.43196692944083, 13.715966060101048], [100.43185664557916, 13.71598138863635], [100.43177751181518, 13.715987496956332], [100.43135370711585, 13.715952663435962], [100.43124050646121, 13.715963488751182], [100.43116301726421, 13.71595489695599], [100.4311004362801, 13.715927010368928], [100.4309632623291, 13.71589164599672], [100.43091735742873, 13.715850103261882], [100.43085373712255, 13.715841431960648], [100.43070389804676, 13.715814050496821], [100.43054298368709, 13.715770913598734], [100.4304607885741, 13.715748790187982], [100.43030506234412, 13.71570336317197], [100.43025171278836, 13.715673162096035], [100.4301747057839, 13.715648748634276], [100.43009189274602, 13.715619848901976], [100.43000965759411, 13.715590945795892], [100.42994942249199, 13.715568695126592], [100.42989208358065, 13.715547557644827], [100.42979999735651, 13.715514191618972], [100.42971543711793, 13.715483041937677], [100.42960595335099, 13.715439606833918], [100.42954281530062, 13.715415112928698], [100.42946694364986, 13.715387301874786], [100.42935167444853, 13.715342770153509], [100.42927868534531, 13.71531381330712], [100.42919240437755, 13.715284933308798], [100.42910900001827, 13.715253776719537], [100.42903197272915, 13.715225973109124], [100.42895264082152, 13.715199312760783], [100.42889358213684, 13.71518044489799], [100.42879517379616, 13.715152764834404], [100.42872166161284, 13.715132850530852], [100.42862502107168, 13.715110809081256], [100.42852086144154, 13.715087681998433], [100.4284346430459, 13.715068971015423], [100.4283015481622, 13.715039231312383], [100.42822461666172, 13.715027246350864], [100.42804778243915, 13.71502713830224], [100.42797669792772, 13.715026419097125], [100.42790965848604, 13.71502567649905], [100.42782471198471, 13.715026167306846], [100.42773221905618, 13.715021051871734], [100.4276530853698, 13.715027158849903], [100.42754277414349, 13.715037964849015], [100.42731809200374, 13.7150573420323], [100.42717944474367, 13.71506492254502], [100.42707948046863, 13.715066629788828], [100.4269801008817, 13.715069463578835], [100.42690267343589, 13.715071040616541], [100.42683506973803, 13.715072560911015], [100.42675303889368, 13.715077554368872], [100.42667798432848, 13.715089287302353], [100.42656424672671, 13.715106893332775], [100.42643942043688, 13.715106483910924], [100.42636045722257, 13.715140838570283], [100.42625189990294, 13.715155024672594], [100.42616876194143, 13.715167934070852], [100.42608330567357, 13.715179726857086], [100.42601404334754, 13.715193686095592], [100.4259378124812, 13.715202034805083], [100.42581194540207, 13.715220841354101], [100.42576715130119, 13.71526742828551], [100.42575872569824, 13.715499119351469], [100.42575155814791, 13.715747752603717], [100.42574903028391, 13.715807655236173], [100.42574323981508, 13.715901475587103], [100.42573842093208, 13.715964781326837], [100.42572987751976, 13.716081216823511], [100.42572457625673, 13.716160345733929], [100.42571686119581, 13.71622253821968], [100.42571152489722, 13.716296016612146], [100.42570629183074, 13.716386443855786], [100.42569983481499, 13.716465578529519], [100.42569702918392, 13.716575201140119], [100.42569726979104, 13.716710795325668], [100.42569602044519, 13.716791029914566], [100.42569786509243, 13.71690514644818], [100.42569662939414, 13.716987640883398], [100.42568969681902, 13.717083727745194], [100.42568565360811, 13.717179797935424], [100.42568147305519, 13.717253269656268], [100.42567798818044, 13.717345946734984], [100.42567236823172, 13.717468015171875], [100.425671104333, 13.71754598991506], [100.4256541637249, 13.717611625517751], [100.42565370371625, 13.717726884402644], [100.4256506252722, 13.717791310962268], [100.42564699623216, 13.717860259646773], [100.42563962219353, 13.717978948312775], [100.42565570230417, 13.718057952941512], [100.4256510471214, 13.718148376842993], [100.42564593684521, 13.71825914270403], [100.42562312386771, 13.718405039563645], [100.42564439034203, 13.718481755240523], [100.42563787284652, 13.718550719685444], [100.42562842411844, 13.718612922170038], [100.42561918685412, 13.718710153190408], [100.42561495855225, 13.718775715440728], [100.42560799185839, 13.71886615267712], [100.42560337077991, 13.718962226193296], [100.4255927477598, 13.719117092414992], [100.42558747377181, 13.719200741009113], [100.42558268215541, 13.71926856643441], [100.42557678935306, 13.719345437917127], [100.4255721341648, 13.719435861813421], [100.42556908300426, 13.71950480715807], [100.42556044600934, 13.719701470544098], [100.42555645056063, 13.719805450186826], [100.42555409232493, 13.71989360090108], [100.42555167362023, 13.719971582297777], [100.42554062856773, 13.720056393248896], [100.42553474847684, 13.720135524581497], [100.42553224791632, 13.720199947799129], [100.42552816378651, 13.72028923843372], [100.42552289660792, 13.720374016043136], [100.42551760214157, 13.72045427395824], [100.42550852173189, 13.720577492308403], [100.42550257434158, 13.720645324399072], [100.42549843563538, 13.720725575644002], [100.42549420142345, 13.720790007959877], [100.42548303367336, 13.720950527127076], [100.42547707263893, 13.721016100273767], [100.42547079976259, 13.721125741962291], [100.42546407180794, 13.72125572741507], [100.42545886601751, 13.721350674332102], [100.42545580121201, 13.721417359823757], [100.42543773102848, 13.721774532344416], [100.42543198829051, 13.721876263038377], [100.42542475066584, 13.72201755015153], [100.42542060513435, 13.722096671468059], [100.42541653464671, 13.72218822194164], [100.42541348938443, 13.722258297206123], [100.42541519976452, 13.722445861152433], [100.42541509261882, 13.722523829199693], [100.42541295364754, 13.722648137443674], [100.42541177942589, 13.722740801163129], [100.42541060520703, 13.722833464882], [100.42541062088368, 13.722931772450934], [100.4253644805998, 13.723042775066919], [100.42535975826998, 13.72321794653822], [100.42535420949952, 13.72344736098594], [100.42534673623048, 13.723741195312595], [100.42532288920219, 13.724194447956453], [100.42530656430591, 13.72445782436484], [100.42530128253638, 13.72454034211753], [100.42528292579702, 13.724850057810562], [100.42527814778899, 13.724920143066061], [100.42527123560707, 13.725019619665334], [100.4252552975386, 13.725251354879891], [100.42525221226788, 13.725314650589617], [100.42524795074148, 13.725374563199932], [100.42524222845533, 13.725479682742897], [100.42523163263111, 13.725639068614345], [100.42522550210208, 13.725772439575694], [100.42521968636973, 13.725957787899668], [100.42521686038162, 13.726064020686634], [100.42521478287307, 13.726198498215883], [100.42520333148214, 13.726407607369861], [100.42518625806332, 13.726642738106483], [100.42517814913212, 13.72673544183053], [100.4251738934966, 13.726796484365654], [100.42516814484368, 13.72689708510802], [100.42516136136287, 13.727018030242823], [100.42514057279338, 13.72711645695854], [100.42511516047843, 13.727501920821895], [100.42511220485403, 13.727586685967175], [100.42510935839643, 13.727689528072899], [100.42510586581668, 13.727781076090926], [100.42510398410577, 13.72785227458375], [100.42510146898262, 13.727914437032828], [100.42509846651679, 13.727991291805765], [100.42509116653876, 13.7281224095774], [100.42508481175031, 13.728218493058803], [100.42507900166724, 13.728308923584], [100.42506837757986, 13.728463789749584], [100.42505929705698, 13.728587008962716], [100.4250523916559, 13.7286876154697], [100.42504490835151, 13.728788225311783], [100.42503590970159, 13.728925002695002], [100.42503408258646, 13.729005240567545], [100.42502816921224, 13.72907872225075], [100.42502397589676, 13.729149934081214], [100.42751445220135, 13.729375100559798], [100.42910303691045, 13.729640492486837], [100.4291643562032, 13.729650307175115], [100.4294633861448, 13.729690384508325], [100.42961260830874, 13.729709860654799], [100.43060762270609, 13.729872461819252], [100.43128368563492, 13.729949900387705], [100.43165787680877, 13.729995189029571], [100.43263445498239, 13.730166928357242], [100.43270332151927, 13.730182348136465], [100.43409316445059, 13.730361853389285], [100.43449475829252, 13.730446526963291], [100.43458964437664, 13.730464054919759], [100.43465499555865, 13.730471584855998], [100.43476845015839, 13.730501435273952], [100.43484585485986, 13.730495334706088], [100.43491235498682, 13.730501727936863], [100.43505587434842, 13.730533663383097], [100.4352253453308, 13.730556407302833], [100.43532252247775, 13.73057053177549], [100.43585864467926, 13.73063408161854], [100.43593616719835, 13.73064719020181], [100.43602172443008, 13.730651212363455], [100.43610153702058, 13.730660918604057], [100.4362016587717, 13.730684065250085], [100.43663084158875, 13.73074371566057], [100.43676097998977, 13.730761037603312], [100.43682931116453, 13.730783239046744], [100.43690390109883, 13.730789584642828], [100.43701900808372, 13.730805864883534], [100.43718846462481, 13.730826347588723], [100.4375631458242, 13.730856934746], [100.43769914596886, 13.730887781526082], [100.4377854464211, 13.730918917694256], [100.43790345585025, 13.730937439615136], [100.43873013550184, 13.731072738539787], [100.43883021623442, 13.731089104580532], [100.43892960191765, 13.731086265377924], [100.43901977651741, 13.73108912960965], [100.43911216531367, 13.731076161516656], [100.43935500897213, 13.731095084909638], [100.43946496925393, 13.731120433633969], [100.4396330082512, 13.731097984566402], [100.43976942892314, 13.731102838733456], [100.43984977822096, 13.731105759964308], [100.43992202307442, 13.731106468530472], [100.43999256869814, 13.73111283676532], [100.44018006319459, 13.731058635087221], [100.44033883488177, 13.731032849747626], [100.44053336156023, 13.730994426158773], [100.4406102433856, 13.730997367378407], [100.44070385680334, 13.730995691106648], [100.4407732051838, 13.730995286375105], [100.44088310339824, 13.73101046522306], [100.44101532589599, 13.730990484194209], [100.44129190768888, 13.730950451070385], [100.44146816116839, 13.730948292008488], [100.44219878776771, 13.730875097460496], [100.44232768075044, 13.730877735191616], [100.44254821149833, 13.73083915812247], [100.4426409522338, 13.730883814353364], [100.44264830852386, 13.730952698583398], [100.44264359795491, 13.731032952874815], [100.4427286394867, 13.731047145289134], [100.44311612286484, 13.730997422342323], [100.44317919027348, 13.73100948314796], [100.44358497179546, 13.73092801469774], [100.44363155658748, 13.730985369931478], [100.44370183429892, 13.731231288899682], [100.44380452815655, 13.731202439445964], [100.44386801449174, 13.731188508678173], [100.44393031827502, 13.731170064996421], [100.4439960876141, 13.731151601028158], [100.44407457956511, 13.731134192572885], [100.44413634598428, 13.731122531707717], [100.44420786065504, 13.731098384306723], [100.44429327263687, 13.731078675393162], [100.44435787319773, 13.731057958264094], [100.44444669721837, 13.731029189707499], [100.44450895939711, 13.73100396731334], [100.44457646325561, 13.73098549214508], [100.44463648205496, 13.730971581480006], [100.44470980643146, 13.730959852840268], [100.44478198883887, 13.730950391673751], [100.44486393328815, 13.730930702865692], [100.44493663128534, 13.730911067249076], [100.44499663620059, 13.730894897578478], [100.445060143115, 13.730884356257256], [100.44516983463767, 13.730865634881278], [100.4452373730006, 13.730852810008724], [100.44531529973969, 13.730837664391322], [100.44540541777783, 13.730831486995402], [100.44549781280006, 13.730819646468492], [100.44556884622433, 13.730811320855427], [100.44569071419708, 13.730799307671038], [100.44575769536905, 13.730789875782472], [100.44583333812957, 13.730779263194409], [100.44590265166555, 13.730773207466344], [100.44596862243874, 13.730787510451915]]]}}, {"type": "Feature", "properties": {"fid": 5, "objectId": 218.0, "area": 765800.480814, "perimeter": 5798.838379}, "geometry": {"type": "Polygon", "coordinates": [[[100.46180433176589, 13.74441633054456], [100.46203084644365, 13.744409338184957], [100.46201876915501, 13.74432579297126], [100.4620062190877, 13.744259200631529], [100.46198242903299, 13.744150866963958], [100.46196815220956, 13.744085414799581], [100.46195445332552, 13.744019959207654], [100.46193599785447, 13.743933062858423], [100.46191364407007, 13.743869918450628], [100.4619039276494, 13.743794269745248], [100.46187518863978, 13.743726643397753], [100.46188051941353, 13.74365429533953], [100.46186624265667, 13.743588842256964], [100.46182354931382, 13.743507739265972], [100.46180872269325, 13.743446810118968], [100.46179616574945, 13.743379087850114], [100.46177245300076, 13.743283183072544], [100.46175449853007, 13.743183854330915], [100.46173579798257, 13.743057411330662], [100.4617202673674, 13.742976146431824], [100.46171872613444, 13.742914008597213], [100.46170320955875, 13.742835004405515], [100.4616964810087, 13.742775157198592], [100.46173455746391, 13.742670976632033], [100.4617242081343, 13.742586292094042], [100.46171282815789, 13.742521952670177], [100.46170955316475, 13.742459825106755], [100.46170092270052, 13.742372870489353], [100.46166688454501, 13.742289456260126], [100.46164976739075, 13.742231930494366], [100.46164349069694, 13.74215174068947], [100.4616337394602, 13.742070442430212], [100.46162985855787, 13.74200379867127], [100.46162655558427, 13.741937151487381], [100.46162383053898, 13.741870500878617], [100.46162167641567, 13.741802716941537], [100.46162163082475, 13.741702152105123], [100.46162299421665, 13.741642256940638], [100.46162259488516, 13.741577851536093], [100.46163031359505, 13.741517919619563], [100.46163973196337, 13.741452327003174], [100.46163647196407, 13.741392458327848], [100.46165807575467, 13.741334703127047], [100.46165712652832, 13.741274821664197], [100.46165439357128, 13.74120704115435], [100.46164766604778, 13.74114719392712], [100.46165017735935, 13.741086162014462], [100.46165609315538, 13.741014940424613], [100.4616562997837, 13.740955052111774], [100.46167093344792, 13.740891688484108], [100.46166758847808, 13.74081826187316], [100.46166474437436, 13.740732402898054], [100.46166263932172, 13.74067252828053], [100.46166281793, 13.740608119447998], [100.4616612627821, 13.74054372179126], [100.46166029956849, 13.740481580517272], [100.46165991427797, 13.740419435818897], [100.46165771116458, 13.740343742548829], [100.461656142017, 13.740277085083168], [100.46165461582771, 13.740217207033368], [100.46166349035575, 13.740157267362841], [100.4616572628273, 13.740084987769668], [100.46165745639372, 13.740022839639812], [100.46165647218254, 13.739957308652004], [100.46162949560188, 13.739894191544861], [100.4616192927051, 13.739833234047092], [100.46161881638291, 13.739756400596338], [100.46161897402017, 13.73968860295092], [100.46163189490883, 13.739628639308435], [100.46162217188972, 13.739551860636695], [100.46163099130632, 13.739482881730732], [100.46165193299726, 13.739411571118405], [100.46165442332209, 13.739347149488236], [100.46163667250484, 13.739280587880664], [100.4616357023331, 13.739217316695543], [100.46163704383478, 13.739154031815398], [100.46163721549337, 13.739088493974819], [100.46164311029284, 13.739013882667516], [100.46164561463046, 13.738951719939191], [100.46164928881713, 13.738891811074838], [100.46165469767917, 13.738831891933977], [100.46166059247513, 13.73875728062595], [100.46166590935317, 13.738682672741339], [100.46167474275958, 13.738615953641176], [100.46168471798671, 13.738546967886046], [100.46169474224091, 13.738485891457112], [100.46171344223568, 13.738425893576885], [100.46172112679925, 13.73836031122709], [100.4617320407022, 13.738256291606934], [100.46176408969079, 13.738205254204706], [100.46177007459178, 13.73814533164981], [100.46180948235157, 13.738069391852619], [100.46182704046835, 13.738011659719183], [100.46183647883811, 13.737949457717344], [100.46183603053208, 13.737877143877379], [100.46183854884728, 13.737817240955353], [100.46184452156946, 13.737755058581229], [100.46185223411268, 13.737693995844767], [100.46185821291154, 13.737632943379621], [100.46186650336432, 13.737571877219084], [100.46187011446705, 13.73750179921879], [100.46188007561356, 13.737430553652604], [100.46189117857341, 13.737357041431032], [100.46189946201054, 13.737294845366115], [100.46191178383125, 13.737231495430418], [100.46192526147273, 13.737168138646743], [100.46195323596017, 13.737112605591816], [100.46197935060765, 13.737036744539058], [100.46201426701724, 13.73698229939193], [100.46203993774617, 13.73692790992493], [100.46207487514911, 13.736876855386855], [100.4620866260051, 13.736814638775078], [100.46207754401104, 13.736748025817057], [100.46207426916125, 13.736685898232002], [100.46208888855456, 13.736620274788514], [100.46210121030703, 13.736556924848603], [100.4621123762323, 13.73649358175669], [100.46212918816065, 13.736408736252054], [100.46214036808621, 13.736347652967064], [100.4621515480076, 13.736286569681853], [100.46215744266543, 13.736211958369122], [100.46216393624287, 13.73614073243934], [100.46217739277266, 13.73607398684214], [100.46217702147953, 13.736014101039594], [100.46217547335809, 13.7359508332777], [100.46218138995171, 13.735879611669828], [100.46219634808966, 13.735775568077269], [100.4622138718997, 13.735712187312066], [100.46222911116301, 13.73565333986355], [100.46223736647497, 13.735586624178822], [100.46222887644191, 13.735522267602851], [100.46223130362992, 13.735447676833108], [100.46222339151588, 13.735383316831447], [100.46221832691772, 13.735312160285577], [100.46221500305417, 13.73524212337051], [100.46221854403215, 13.735160745424245], [100.46222104828809, 13.735098583594471], [100.46223271500327, 13.735022808134017], [100.46223342949477, 13.734951617345526], [100.4622422977344, 13.734890547754624], [100.46224250437069, 13.734830659427983], [100.46225596876589, 13.734765042823764], [100.46233524008287, 13.734780392369869], [100.46234924640467, 13.734709122825507], [100.4623649724286, 13.734635583200435], [100.46242708508038, 13.734586627510204], [100.46248634320504, 13.734543338448024], [100.46250965202057, 13.734481053336598], [100.46247573412336, 13.734416847446065], [100.46250081167499, 13.734360200677214], [100.4625537337936, 13.734320339889694], [100.46259206110685, 13.734256834925215], [100.46260317080723, 13.73418445349802], [100.4626056819787, 13.734123420670532], [100.4626336490104, 13.734066758577466], [100.46265625464635, 13.733984137707322], [100.4626264031492, 13.733923297569532], [100.46265900740106, 13.73386886698147], [100.46269973733445, 13.733820037961012], [100.46274040418909, 13.73376103980229], [100.46275213377587, 13.733695433465645], [100.462733770311, 13.733623225802564], [100.46274808812207, 13.73350901648296], [100.46277768365591, 13.733435393743822], [100.46278414202642, 13.73335851919406], [100.462798656004, 13.733275947176445], [100.46284394597599, 13.733216921610442], [100.46271552540537, 13.733197343669538], [100.46264671384537, 13.733190971775683], [100.46266409543804, 13.733104992932505], [100.46271143171015, 13.733003017343487], [100.46286645578249, 13.733025827463116], [100.46288569196554, 13.732959046688803], [100.46292586483048, 13.73291361078394], [100.46298874404292, 13.732895158975387], [100.46305275802423, 13.732873310590088], [100.46307435388393, 13.732814425435643], [100.46303936441845, 13.732763785299905], [100.46297707015465, 13.732783363596049], [100.4629467636976, 13.732835520700402], [100.4628842872204, 13.732825721479982], [100.46282467222926, 13.732811385503874], [100.46276093485906, 13.732784644544639], [100.46277328436064, 13.732725814205162], [100.46278956005713, 13.73264775152828], [100.46280649071376, 13.732582113463385], [100.46281824828952, 13.732521027644161], [100.46284159890462, 13.732465521038712], [100.46285221467443, 13.73240670097201], [100.46292022812649, 13.732284263802976], [100.46298661992768, 13.732179915355493], [100.46305207030781, 13.73201681532412], [100.46309864194032, 13.731978121151354], [100.46315934569292, 13.731888495671646], [100.46319883531888, 13.731826114613211], [100.46323139013383, 13.73176377465748], [100.4632640080078, 13.731711603831206], [100.46330813478836, 13.731651455162101], [100.46332680596495, 13.731586937608252], [100.46338656400711, 13.731531216046635], [100.46340116182506, 13.731462201952708], [100.46344580334502, 13.731391880708285], [100.46348537785595, 13.731343058454152], [100.46338804183276, 13.731210301970611], [100.46321452763402, 13.731094946159937], [100.46305906247441, 13.73100095220092], [100.46294855430908, 13.73088748264148], [100.46290243894359, 13.730813178626267], [100.46284863396039, 13.730710672434611], [100.4628320754661, 13.730649753502068], [100.46285075280714, 13.73058636588349], [100.46284862772134, 13.730523101532365], [100.46280720477365, 13.730460070040689], [100.46276930526754, 13.7304060572262], [100.46273950332771, 13.730353126370652], [100.46269296343789, 13.7303036845179], [100.46263327905596, 13.730278048483598], [100.46254845352978, 13.730298890955268], [100.46235308633005, 13.730200612172377], [100.46228171804634, 13.73015470713709], [100.46223173192182, 13.73010867543366], [100.46220018244962, 13.730053494955909], [100.46215827289195, 13.730005155506223], [100.46213650565723, 13.729943137405757], [100.46202221978966, 13.7296861856788], [100.46194775922767, 13.729607530405353], [100.46186399640563, 13.729519890617743], [100.46176174804023, 13.729433490190903], [100.46169158488621, 13.729395487436596], [100.46159074438867, 13.729349756651176], [100.46150730371988, 13.72931409143071], [100.46126693900872, 13.72922850834179], [100.46117717658439, 13.729198531052507], [100.46110360919015, 13.729170717779118], [100.46103063976894, 13.729146290782545], [100.4609050619997, 13.72911878522291], [100.46077080885802, 13.729090200979215], [100.46066614020715, 13.729079519873899], [100.4605967650264, 13.729075410515756], [100.46053412614447, 13.728945837216244], [100.4604771194023, 13.728792501697779], [100.46045363304826, 13.72873275345355], [100.46036076662298, 13.728481323740631], [100.46029315530711, 13.728295282419392], [100.46025196873168, 13.72817688159646], [100.46022429835944, 13.728094559125159], [100.46017834798053, 13.727953587517723], [100.46014833021817, 13.72786562827523], [100.46012950530104, 13.727625061815623], [100.46012678825005, 13.727559540058689], [100.46013353878556, 13.727436335927372], [100.46013212896227, 13.727301880581292], [100.46011600627608, 13.727124574250706], [100.46010727267817, 13.727020669870553], [100.46009533507979, 13.726865937724126], [100.46008662947996, 13.726766553865813], [100.46004511481084, 13.726595047390052], [100.45997270186534, 13.726473441253408], [100.45994734946194, 13.72639223495505], [100.45984425272424, 13.726261769693359], [100.45977300974647, 13.726142416453587], [100.45973265338102, 13.726064688656775], [100.45968994357087, 13.725980195078293], [100.45960977393416, 13.72581908648926], [100.45957058136916, 13.725742481722348], [100.45951217003152, 13.725642260735334], [100.45945069061572, 13.725606465765377], [100.45938135230539, 13.725608005485709], [100.45929031098996, 13.7256514814915], [100.45922059643821, 13.725685791867908], [100.45904884758393, 13.72576138321027], [100.45896126739292, 13.725803708708268], [100.45890075700903, 13.725831184938498], [100.45883607477106, 13.725838346743183], [100.45877641983199, 13.725817230142354], [100.45868824598143, 13.725763513502484], [100.45863776042965, 13.725729913277483], [100.45857912863136, 13.725687321573863], [100.45852512086222, 13.725644702543937], [100.45845184554673, 13.725570558753288], [100.45834769892951, 13.725457048165499], [100.45835017644755, 13.72539036660983], [100.45833973804167, 13.725290992837564], [100.458337397937, 13.72519270118901], [100.45833818277312, 13.725132809315209], [100.45833884985403, 13.725053709021948], [100.45832225721212, 13.724987140076156], [100.45832119157643, 13.724908050013388], [100.45832529804181, 13.724824408712964], [100.45832485823726, 13.724753224589383], [100.4583383295181, 13.724688738008116], [100.45834718471, 13.724625408632674], [100.45834796350034, 13.72456438684443], [100.45837703062219, 13.724498678219897], [100.4583985433689, 13.724426234515487], [100.45840452309227, 13.724365182015115], [100.45841972798651, 13.724300685194374], [100.45841633593011, 13.724219348972692], [100.45838758688755, 13.724149461964629], [100.45835778075636, 13.72409540046511], [100.4583112221284, 13.724042567826968], [100.4582347314208, 13.724009121025665], [100.45816748775609, 13.72397561869967], [100.45803487371857, 13.723931203699056], [100.45792836906529, 13.723903583721636], [100.45786062435278, 13.723882514597076], [100.45777439442602, 13.723862684509216], [100.45771200417383, 13.723866442599736], [100.45763625892633, 13.723860109959386], [100.4575629168301, 13.723868452441845], [100.45748894800366, 13.723868888058728], [100.45739636140435, 13.723849095347628], [100.45722044131878, 13.723810585170627], [100.45693338674626, 13.7237433518025], [100.45675546119467, 13.72366078510831], [100.45664391536943, 13.72356539735612], [100.45652124333525, 13.723540131083645], [100.45633435172302, 13.723502814889057], [100.45622847313928, 13.72348310009164], [100.45609884662369, 13.723454485661131], [100.45593277183333, 13.72341930632224], [100.45578578804819, 13.72338740418945], [100.45565790222533, 13.723359909206469], [100.45558672535839, 13.72334450849352], [100.4555224830716, 13.723329067797122], [100.4554397128559, 13.72330808651744], [100.45537088329556, 13.723298322558245], [100.45528935941434, 13.723292023224495], [100.45522581344595, 13.723295787485721], [100.45516172441872, 13.723305204677722], [100.45502858220982, 13.723362486542095], [100.45490936478569, 13.723428725911658], [100.45498015982513, 13.724507412468173], [100.45505420625469, 13.724800763073247], [100.45522396586615, 13.725058522129], [100.45741141262266, 13.727690835177864], [100.45809513538934, 13.728541040899119], [100.45838232259496, 13.729096409786072], [100.45854285899073, 13.729824278461308], [100.45859751529588, 13.730906446014881], [100.45864272411045, 13.734292634077654], [100.45864708355693, 13.734997696120109], [100.45890015083718, 13.737042536507493], [100.4592756027665, 13.739344279842879], [100.45952737586586, 13.74117782572104], [100.4597535658518, 13.742799091417673], [100.45988017516753, 13.743738457818733], [100.45986803366786, 13.74383118522377], [100.45985645002156, 13.743920519489748], [100.45998508342392, 13.743880210004102], [100.45999874068971, 13.74393888633122], [100.46003200467109, 13.743990667825118], [100.4600814686639, 13.74395195596376], [100.46012679919767, 13.743992366556578], [100.46018918764011, 13.743987477431025], [100.46024543586037, 13.744017652951412], [100.46030396081117, 13.744042165250688], [100.46036132991267, 13.744066684378577], [100.46042161668109, 13.744095705997369], [100.46047783694664, 13.744121361843458], [100.46053521308401, 13.744147010830853], [100.4605971076433, 13.744155683866909], [100.46066006703431, 13.744149661292699], [100.46070943620208, 13.74418891699814], [100.46077248663514, 13.74419758314295], [100.46083381120806, 13.744207389438436], [100.46089626178149, 13.744212669268173], [100.46099987333564, 13.744238044276834], [100.4610606391619, 13.744251244562864], [100.46112256269816, 13.74426443707093], [100.4611839143897, 13.744278762895576], [100.46124525908185, 13.744291958800726], [100.461306610785, 13.744306284593346], [100.46136795548817, 13.744319480466544], [100.4614293001967, 13.744332676323777], [100.4614906449106, 13.744345872165045], [100.46155189854106, 13.744344379247389], [100.46160639918746, 13.744372304898235], [100.46167063357024, 13.744385483568285], [100.4617366087581, 13.744399781848536], [100.46180433176589, 13.74441633054456]]]}}, {"type": "Feature", "properties": {"fid": 6, "objectId": 219.0, "area": 2918127.633967, "perimeter": 8824.978516}, "geometry": {"type": "Polygon", "coordinates": [[[100.45733629786668, 13.744061975156482], [100.45739647255542, 13.7440729199692], [100.45745838195464, 13.744083852708119], [100.45749971956052, 13.744039541418301], [100.45754794029293, 13.744079934542059], [100.45760925687149, 13.744088611756235], [100.45767172232678, 13.744096152218255], [100.45771189795994, 13.744050716913158], [100.45777038777553, 13.744069580312969], [100.45782336871387, 13.744038758611936], [100.45787751248794, 13.744009059973925], [100.45793751243565, 13.743991756120419], [100.45805600218499, 13.74399331558494], [100.45811422637871, 13.74396924250899], [100.45817245754978, 13.743946299325481], [100.4582698350978, 13.743898265864672], [100.45836430105386, 13.743846859745501], [100.45842480193632, 13.743817123409404], [100.45848184221441, 13.743788537469287], [100.45853888247767, 13.743759951517287], [100.45859652163286, 13.74373475185031], [100.45865300491515, 13.74370955900661], [100.45871361061347, 13.743696771178497], [100.45877608296298, 13.743705441272525], [100.45884138994059, 13.743705055015774], [100.45890219751793, 13.743725034384358], [100.45896518578448, 13.74372353186312], [100.4590056495297, 13.743818207977489], [100.45905766851976, 13.743725244691229], [100.45910712565268, 13.74368540401348], [100.45917188174674, 13.743689541616336], [100.45922641697743, 13.743723116456646], [100.45928993327371, 13.74371370201141], [100.45935814294802, 13.743715557431692], [100.45941936850424, 13.743709546344917], [100.45945206139, 13.743762460353972], [100.45954537113063, 13.743711060652112], [100.45960957028397, 13.743718590367516], [100.45968293933875, 13.743713636395277], [100.4597420560913, 13.743740405230211], [100.45980925079841, 13.743764866348586], [100.45986803366786, 13.74383118522377], [100.45988017516753, 13.743738457818733], [100.4597535658518, 13.742799091417673], [100.45952737586586, 13.74117782572104], [100.4592756027665, 13.739344279842879], [100.45890015083718, 13.737042536507493], [100.45864708355693, 13.734997696120109], [100.456955406342, 13.734237062609706], [100.456876595569, 13.734202499452344], [100.45681920133843, 13.734173459593585], [100.45675017827664, 13.734133188879174], [100.45669327126735, 13.7340894567897], [100.45662312127207, 13.73405371247807], [100.45656792709106, 13.734006580402834], [100.45650992712606, 13.733973024246506], [100.45643332951587, 13.733922627695742], [100.45637415284668, 13.733885688603092], [100.45629814715537, 13.733837549312021], [100.45619838456551, 13.733779380627315], [100.45612071497516, 13.733742550573215], [100.45605928257088, 13.733714664289248], [100.4559797059181, 13.733743382434625], [100.45583130355145, 13.733857252654156], [100.45575185141554, 13.733906309068093], [100.4556710151672, 13.733918085326994], [100.45558797699103, 13.733947952816425], [100.45550796173046, 13.733999272376932], [100.45542269646744, 13.734042713234262], [100.45533935238787, 13.734022865620862], [100.45527812215272, 13.734027747360095], [100.455200508352, 13.733999955366592], [100.45512808876332, 13.733971003678796], [100.45505176929294, 13.733965803880546], [100.45498645281127, 13.733963929040618], [100.45491601090801, 13.733974513832452], [100.4548299715552, 13.733986320493084], [100.45472776565849, 13.734000482309588], [100.45462558064975, 13.734018033808193], [100.45453376311022, 13.734029874423012], [100.4544464852069, 13.73402812886589], [100.45435919336786, 13.734024123462001], [100.45429795611464, 13.734027874148182], [100.45423321658348, 13.734025995710173], [100.45416734910125, 13.734028643696838], [100.45410219791206, 13.734053886426905], [100.45403754194905, 13.73406556593063], [100.45396697457974, 13.734055813017267], [100.45389755605292, 13.734044921558578], [100.45383159105644, 13.734031751646421], [100.45372751899598, 13.73402445410922], [100.45358544432706, 13.734039980234988], [100.45351773865035, 13.734025689635512], [100.45345069351335, 13.734024954518883], [100.45338995846912, 13.734016272580407], [100.45330375188519, 13.734000960915985], [100.45322919487924, 13.734000269970558], [100.45314131119707, 13.733994007718412], [100.45307882852092, 13.733983076091894], [100.45301639272283, 13.733980053819783], [100.45293953800055, 13.733981635308231], [100.45285865185362, 13.733985502210995], [100.45279873042946, 13.734015233622044], [100.45272695159122, 13.733996446073355], [100.452618687137, 13.73396544560363], [100.45254747231421, 13.73394439478085], [100.45248088169109, 13.733923317627092], [100.45239574146039, 13.733893310013302], [100.45231695034654, 13.733862135058375], [100.4522545581602, 13.733865892032131], [100.45215072174693, 13.733897011633042], [100.4520725860027, 13.73387826219086], [100.45199853735271, 13.733866268378524], [100.45187467044545, 13.733835358451481], [100.4518120895429, 13.73380860686703], [100.45173849365685, 13.733776272111726], [100.45167423376783, 13.733758569966097], [100.45161627013734, 13.733730662124527], [100.45102893481425, 13.733704737050557], [100.45092878311367, 13.733677077057635], [100.45086335450746, 13.733657122565637], [100.45079736189739, 13.733639430367594], [100.45068625781118, 13.733616355355236], [100.45059950226064, 13.733605564840097], [100.45050818599839, 13.7336049715564], [100.45045132784618, 13.733569147272563], [100.45038695182224, 13.733532237200619], [100.45030693574715, 13.73348976925691], [100.45020770249222, 13.733517471148357], [100.45014065834164, 13.733516735111433], [100.45006610139919, 13.733516043194022], [100.45000253163309, 13.733516416658345], [100.44922873389963, 13.733148076482163], [100.44691727695336, 13.731587609992985], [100.44648346249222, 13.731244385986008], [100.44596862243874, 13.730787510451915], [100.44590265166555, 13.730773207466344], [100.44583333812957, 13.730779263194409], [100.44575769536905, 13.730789875782472], [100.44569071419708, 13.730799307671038], [100.44556884622433, 13.730811320855427], [100.44549781280006, 13.730819646468492], [100.44540541777783, 13.730831486995402], [100.44531529973969, 13.730837664391322], [100.4452373730006, 13.730852810008724], [100.44516983463767, 13.730865634881278], [100.445060143115, 13.730884356257256], [100.44499663620059, 13.730894897578478], [100.44493663128534, 13.730911067249076], [100.44486393328815, 13.730930702865692], [100.44478198883887, 13.730950391673751], [100.44470980643146, 13.730959852840268], [100.44463648205496, 13.730971581480006], [100.44457646325561, 13.73098549214508], [100.44450895939711, 13.73100396731334], [100.44444669721837, 13.731029189707499], [100.44435787319773, 13.731057958264094], [100.44429327263687, 13.731078675393162], [100.44420786065504, 13.731098384306723], [100.44413634598428, 13.731122531707717], [100.44407457956511, 13.731134192572885], [100.4439960876141, 13.731151601028158], [100.44393031827502, 13.731170064996421], [100.44386801449174, 13.731188508678173], [100.44380452815655, 13.731202439445964], [100.44370183429892, 13.731231288899682], [100.44363155658748, 13.730985369931478], [100.44358497179546, 13.73092801469774], [100.44317919027348, 13.73100948314796], [100.44311612286484, 13.730997422342323], [100.4427286394867, 13.731047145289134], [100.44264359795491, 13.731032952874815], [100.44264830852386, 13.730952698583398], [100.4426409522338, 13.730883814353364], [100.44254821149833, 13.73083915812247], [100.44232768075044, 13.730877735191616], [100.44219878776771, 13.730875097460496], [100.44146816116839, 13.730948292008488], [100.44129190768888, 13.730950451070385], [100.44101532589599, 13.730990484194209], [100.44088310339824, 13.73101046522306], [100.4407732051838, 13.730995286375105], [100.44070385680334, 13.730995691106648], [100.4406102433856, 13.730997367378407], [100.44053336156023, 13.730994426158773], [100.44033883488177, 13.731032849747626], [100.44018006319459, 13.731058635087221], [100.43999256869814, 13.73111283676532], [100.43992202307442, 13.731106468530472], [100.43984977822096, 13.731105759964308], [100.43976942892314, 13.731102838733456], [100.4396330082512, 13.731097984566402], [100.43946496925393, 13.731120433633969], [100.43935500897213, 13.731095084909638], [100.43911216531367, 13.731076161516656], [100.43901977651741, 13.73108912960965], [100.43892960191765, 13.731086265377924], [100.43883021623442, 13.731089104580532], [100.43873013550184, 13.731072738539787], [100.43790345585025, 13.730937439615136], [100.4377854464211, 13.730918917694256], [100.43769914596886, 13.730887781526082], [100.4375631458242, 13.730856934746], [100.43718846462481, 13.730826347588723], [100.43701900808372, 13.730805864883534], [100.43690390109883, 13.730789584642828], [100.43682931116453, 13.730783239046744], [100.43676097998977, 13.730761037603312], [100.43663084158875, 13.73074371566057], [100.4362016587717, 13.730684065250085], [100.43610153702058, 13.730660918604057], [100.43602172443008, 13.730651212363455], [100.43593616719835, 13.73064719020181], [100.43585864467926, 13.73063408161854], [100.43532252247775, 13.73057053177549], [100.4352253453308, 13.730556407302833], [100.43505587434842, 13.730533663383097], [100.43491235498682, 13.730501727936863], [100.43484585485986, 13.730495334706088], [100.43476845015839, 13.730501435273952], [100.43465499555865, 13.730471584855998], [100.43458964437664, 13.730464054919759], [100.43449475829252, 13.730446526963291], [100.43409316445059, 13.730361853389285], [100.43270332151927, 13.730182348136465], [100.43256320978834, 13.730806899433704], [100.43242612514327, 13.731454032302592], [100.43238458715233, 13.73165653597444], [100.43232956965107, 13.732018442061003], [100.43225152065206, 13.732585005239693], [100.43215988730395, 13.733388938583069], [100.43215707842296, 13.733497430929598], [100.43164691375108, 13.733426943245426], [100.43164481601241, 13.73374786378326], [100.43163378352865, 13.734310648270764], [100.43162969241713, 13.734493725357568], [100.43163792362084, 13.734707239855751], [100.43163657035753, 13.734960359413869], [100.43163065703084, 13.73550955374913], [100.43161727463293, 13.735875738962568], [100.43161856923176, 13.7361842102192], [100.43163850301961, 13.736802182947041], [100.43163421495836, 13.737619168900922], [100.43150663656677, 13.737738554733538], [100.43138390862067, 13.73780028447479], [100.43125011184786, 13.73784738889956], [100.43127639087061, 13.737987351365124], [100.43133885781872, 13.738185861761302], [100.43147511219138, 13.73844835260971], [100.43152643595502, 13.738524892036542], [100.43164813973172, 13.73877051688313], [100.43167415843544, 13.738867542349668], [100.43170169138894, 13.738928400349947], [100.4317226254506, 13.739044664606569], [100.43184238172437, 13.739350189308297], [100.43197252042894, 13.739652262877152], [100.43212170365257, 13.739949706862115], [100.43222502504639, 13.740213518215025], [100.43227025311803, 13.740333031218025], [100.43232472030722, 13.740451360609041], [100.4324139362868, 13.740390953938869], [100.43247895384273, 13.740343119093597], [100.43256098531286, 13.740336992984153], [100.43278168518171, 13.740324411766656], [100.43309265945362, 13.74033051526284], [100.4333279791734, 13.740346097577598], [100.4333927208441, 13.74034798134712], [100.43347012883773, 13.740341881799834], [100.43356426238049, 13.740330035252663], [100.4336618703481, 13.740319298437562], [100.43377161479141, 13.740308491956496], [100.4338408905306, 13.740295659811073], [100.43393155050843, 13.740282703357419], [100.4340112426692, 13.740272070537532], [100.43411461610381, 13.740259040120208], [100.43420074105458, 13.740260799377708], [100.43440923539247, 13.740236988099072], [100.43447853168276, 13.740227545531692], [100.4346725580548, 13.740200428286611], [100.43478341694173, 13.740182834236974], [100.43486482215931, 13.740168802217864], [100.43494485143191, 13.740118617742613], [100.43501293678325, 13.740100143321136], [100.43527755851616, 13.740087304423271], [100.43538966256095, 13.740084392304968], [100.43549309174125, 13.740080400653941], [100.43575372293411, 13.740076624121624], [100.43621897451754, 13.74007730599737], [100.4363818956576, 13.74006731785713], [100.43651880227364, 13.740056351128832], [100.43658286260414, 13.740041288687808], [100.43678108446673, 13.74003900533008], [100.43686589502492, 13.740014782323993], [100.43695669234422, 13.740024422201843], [100.4370763161938, 13.7400225963826], [100.43716758720836, 13.740015284985489], [100.43722960439652, 13.740044302568382], [100.4373012396949, 13.740039365420927], [100.43742694590273, 13.740087221153924], [100.43751966134171, 13.740032443061459], [100.43758910204272, 13.740046727868343], [100.43774639441608, 13.740061630659763], [100.43784985008998, 13.740062158596931], [100.4380776149922, 13.74007099976474], [100.43816257794742, 13.740071635363028], [100.43842331220472, 13.740084804744308], [100.43858574388533, 13.74008950742975], [100.43896634881665, 13.740046609424336], [100.43906108129245, 13.740038147186164], [100.4391546707761, 13.740031951490012], [100.43933811465875, 13.740070430666723], [100.43940868368657, 13.740080188546683], [100.43954692615024, 13.740098591184973], [100.4396090116628, 13.74013890729099], [100.4396877347, 13.740158787102002], [100.43975253047537, 13.740169708524546], [100.43987463937916, 13.740196114807377], [100.44000439154387, 13.740243945555742], [100.44001923998637, 13.74030939716833], [100.44001789958905, 13.740373811510366], [100.44006265528685, 13.740415359498913], [100.44012814732804, 13.740445485980372], [100.44017237344241, 13.740494945816028], [100.44023622147253, 13.740539771273001], [100.44030286942086, 13.740569890954408], [100.44036443340009, 13.740619249526889], [100.44042241938486, 13.740650549699238], [100.4405345993391, 13.740660064278536], [100.44061611351947, 13.74056919193133], [100.44066908851346, 13.740537243855133], [100.44073207652778, 13.740535746063888], [100.44078904385971, 13.740589651184688], [100.4408555270666, 13.740592652765661], [100.44092061869789, 13.740557244912218], [100.44091787191257, 13.740486072926615], [100.44098422294523, 13.740467606115054], [100.44116121807924, 13.740396515074124], [100.44124143237893, 13.740376837259062], [100.44140316185933, 13.740361203895109], [100.44149383405355, 13.740350504532666], [100.44159220581712, 13.740370268906691], [100.4416597886017, 13.740364224217965], [100.44178291537698, 13.740368024498045], [100.44199736041764, 13.740372420933223], [100.44226782277292, 13.74036970998291], [100.44235914287633, 13.740370306055087], [100.44246530838107, 13.740341437402568], [100.44255942728623, 13.740327326735851], [100.44264315735654, 13.74031553849914], [100.4428492762139, 13.740281563560151], [100.44295723069838, 13.740261723869967], [100.44317360684758, 13.740203960557716], [100.44324767210497, 13.740218216681535], [100.44329416896679, 13.740260882897376], [100.44331013264562, 13.740319547078805], [100.44331687719524, 13.740382785006627], [100.44338254249628, 13.740441158404023], [100.44343711655227, 13.740481517422422], [100.44349618258559, 13.740500381032664], [100.44355738044742, 13.740489853370748], [100.44361859214548, 13.740481586423467], [100.44369239365075, 13.740452905727023], [100.44373722604682, 13.740506880214244], [100.44379062356668, 13.740543857077048], [100.44384235651934, 13.740592142295222], [100.44390716726143, 13.74060532241478], [100.4439753002315, 13.740594754058339], [100.44403730439988, 13.74062151000569], [100.44408902357404, 13.740667535340311], [100.44413675610411, 13.740628837530025], [100.44427190862132, 13.74061448690812], [100.44433783369955, 13.74062088067093], [100.44441016442273, 13.740635146581258], [100.44448132545472, 13.740647159412733], [100.44454838562363, 13.740650156613466], [100.44466280109108, 13.740647226728834], [100.4447327024219, 13.740642298476969], [100.44479799418532, 13.740639656202571], [100.44487081282995, 13.740639229733326], [100.44494310201779, 13.740646715107632], [100.44500497470463, 13.740652003375859], [100.44510384155991, 13.74065820397909], [100.44517613861065, 13.740666820094168], [100.44524208448345, 13.740676603346918], [100.44530684680032, 13.740681873705801], [100.44537392082125, 13.7406871305036], [100.44543520865838, 13.740691291232132], [100.44551093078297, 13.74069310746535], [100.44557743380861, 13.740699497504982], [100.44564337276763, 13.740708150736202], [100.44571158879313, 13.740711141748184], [100.44578272908251, 13.74071976355659], [100.44585269274009, 13.740725003287432], [100.44592387462038, 13.740740405427152], [100.44598923659866, 13.740749062849243], [100.44605629677362, 13.74075205963515], [100.44614356956107, 13.740752678014143], [100.44621289384216, 13.740747751821138], [100.44627535833494, 13.740755295295957], [100.44636428956419, 13.740743474402866], [100.44646303858319, 13.740730465962809], [100.44656063173629, 13.740717464261751], [100.44662063291184, 13.740700163152859], [100.44668291619485, 13.740678328840486], [100.44675619483826, 13.740658689936046], [100.4468519649353, 13.740631009442595], [100.44691253612656, 13.740612574971852], [100.44698275865798, 13.740565835087782], [100.44709398608501, 13.740514334860237], [100.44716089358751, 13.740492473311065], [100.4472297359986, 13.740503368989499], [100.44725839419326, 13.740558568497288], [100.44731968891827, 13.74056385866836], [100.44740517324682, 13.740555447487193], [100.44751267421614, 13.74055594761247], [100.44755443952342, 13.740486774614025], [100.44754367011421, 13.740426951282458], [100.44759021141981, 13.740382609188213], [100.4476613099981, 13.740384451897839], [100.44773719850099, 13.740413386214543], [100.4478052478636, 13.740389256991145], [100.44790118330796, 13.740388693971207], [100.44796772788854, 13.740401863735475], [100.44803827629994, 13.740408229369418], [100.44819398781482, 13.740447993613191], [100.44827216725636, 13.740473523551628], [100.44833472979259, 13.74049688524469], [100.44840194859582, 13.740525869338894], [100.4483919286752, 13.74058807547291], [100.44846192698556, 13.740598964012909], [100.44853216134435, 13.740648269479406], [100.44860353770123, 13.740695309219372], [100.44866620354559, 13.740735619476283], [100.4487305962422, 13.740774789623435], [100.4487851156249, 13.740806108078816], [100.44885878988289, 13.740850873434699], [100.44900133450857, 13.740911053569251], [100.4490662010503, 13.740933271574804], [100.449128728119, 13.740950983501797], [100.44919010629056, 13.740969832111745], [100.4493563695615, 13.74084569074776], [100.4494755355232, 13.740769283931634], [100.44961502637781, 13.7406147910529], [100.44977353174772, 13.740544932653384], [100.4498415461425, 13.7405151542413], [100.44989422642263, 13.740623320780843], [100.45002492275812, 13.740542325254077], [100.45006643399148, 13.740620048737956], [100.4501264545835, 13.740699922409616], [100.45018462931122, 13.740761727709494], [100.45020422211857, 13.74084635880127], [100.45037667217022, 13.740976419216052], [100.45053420063627, 13.741123517383446], [100.45061786687869, 13.741195342219866], [100.4507810644139, 13.741230540918238], [100.45097644500999, 13.741236171517844], [100.45103707851759, 13.741227905231447], [100.45115556021814, 13.74122833824582], [100.45125659980931, 13.741211924567903], [100.4513443053596, 13.7411888095992], [100.45147080238071, 13.741176765862116], [100.45155625184614, 13.74116270369184], [100.45164170826162, 13.741149772305473], [100.45178669790685, 13.741137618687004], [100.45188720818113, 13.741129118423137], [100.45195596827828, 13.7411264538349], [100.45202582669697, 13.741114743168], [100.45211313514018, 13.741121008955881], [100.45217789058714, 13.741125147574529], [100.45227037344026, 13.741126863049356], [100.45233311650847, 13.741179601290426], [100.45239512156935, 13.741206355026192], [100.45245492632746, 13.741251200886474], [100.4524645769083, 13.741316681117453], [100.45251105461082, 13.7413559556812], [100.45259172741262, 13.74141084817157], [100.45262670930762, 13.741460360846455], [100.45263981358036, 13.74152356082893], [100.45270288409638, 13.74153561886344], [100.45278324365215, 13.741539665420444], [100.4528533189239, 13.741562981652553], [100.45291189139948, 13.741595405203437], [100.4529612518939, 13.74163353274156], [100.45301291017967, 13.741669386836062], [100.45306512551257, 13.741701847790383], [100.45312141420351, 13.741738804532913], [100.45317250853913, 13.741776921808889], [100.45317003682608, 13.741844733297357], [100.45314670403468, 13.741903628988558], [100.45314478238238, 13.741966917441436], [100.45320741441122, 13.742001575987397], [100.45327228154582, 13.742023792815692], [100.45343752081844, 13.742014910539885], [100.45343109333957, 13.74209743466299], [100.4534724605772, 13.74215142845705], [100.45354402601171, 13.742135187486875], [100.45355926077664, 13.742075210439655], [100.4535536771577, 13.742013096167858], [100.45356716327598, 13.741950869527187], [100.45363427245104, 13.741961773561322], [100.45371171555652, 13.741961317192274], [100.45377078254107, 13.74198017822141], [100.45383101932448, 13.742001292238111], [100.45389530857396, 13.742023512302772], [100.45396899102406, 13.742069406805147], [100.45402474381959, 13.742113146167954], [100.45407125677158, 13.742158069930264], [100.45409817597623, 13.742212148770387], [100.45408814966304, 13.74227322508414], [100.45414514899836, 13.742331646392545], [100.45420731485784, 13.742384387485307], [100.45426145946526, 13.74244847533185], [100.45431845191511, 13.742505766683799], [100.45436612085862, 13.742550683561166], [100.45443514527213, 13.742590954717452], [100.45451735747233, 13.742614198866773], [100.45458564363602, 13.742628486427522], [100.45467290380215, 13.7426268409935], [100.45474105840697, 13.742619660273267], [100.4548085713851, 13.742602312882827], [100.45488010892534, 13.742581551893643], [100.45495044874983, 13.742554018261774], [100.45500457170634, 13.742520930528787], [100.4550337112402, 13.742466521145595], [100.45509525654873, 13.742418700290843], [100.45513305100475, 13.742361979044354], [100.4551719803834, 13.742301863062748], [100.45520971900136, 13.742236102554061], [100.45526698853847, 13.742151019513997], [100.45530418406047, 13.742090911937908], [100.45534550271447, 13.742043210362048], [100.45544989113985, 13.74200756609119], [100.45557188942303, 13.74201588673437], [100.45566788799424, 13.74202548978766], [100.45574366612439, 13.742036342079901], [100.45584430207157, 13.74204817759118], [100.45592700834952, 13.742057858989378], [100.45601438689606, 13.742075422413702], [100.45609251257504, 13.742091910476557], [100.45615215672655, 13.742110767506958], [100.45625046098725, 13.742119226769345], [100.45634150956816, 13.742169536880416], [100.45642268456479, 13.742211995618797], [100.45639789014699, 13.742314968118807], [100.45647817403731, 13.742306584466666], [100.4564832512479, 13.742380001061047], [100.45657065088315, 13.74240095398984], [100.45664596454407, 13.742523673503452], [100.45671753141212, 13.742601217226863], [100.45677341048395, 13.742665294209017], [100.45681712517549, 13.742724924134258], [100.45685288157412, 13.742806068239034], [100.4568810760591, 13.742879349177722], [100.4569045842772, 13.742942487363178], [100.45691268399035, 13.743037355072513], [100.45691084718216, 13.74311420231887], [100.45687889521788, 13.743181057917116], [100.45683358709131, 13.743237822874912], [100.45677830313068, 13.743363573514848], [100.45671948701515, 13.743385389876655], [100.45664896032177, 13.743476202157014], [100.45667646518363, 13.743531407129224], [100.45670511195289, 13.743584345458807], [100.45674828381021, 13.743649628318947], [100.45678617051124, 13.743701382116438], [100.45682293628812, 13.743758792262023], [100.45686432552739, 13.743816175091126], [100.45691664657795, 13.743865583709962], [100.45696603608937, 13.743908229950796], [100.45701424880237, 13.743947493290928], [100.45705443336547, 13.743996973568121], [100.45710836255208, 13.744026033594773], [100.45716853722108, 13.744036977561194], [100.45722871189977, 13.74404792241629], [100.45733629786668, 13.744061975156482]]]}}, {"type": "Feature", "properties": {"fid": 7, "objectId": 234.0, "area": 6224145.814559, "perimeter": 14777.029297}, "geometry": {"type": "Polygon", "coordinates": [[[100.45490936478569, 13.723428725911658], [100.45500388615505, 13.722543417670124], [100.45511467021106, 13.721577787174578], [100.45513601746875, 13.721384440030953], [100.45516023226295, 13.721187685240958], [100.45517560494953, 13.721056520521657], [100.45520749907885, 13.720793054364286], [100.4552463146496, 13.720527287531677], [100.4552754725266, 13.720288695477036], [100.45528868685939, 13.720182402361166], [100.45530353730626, 13.720060280310797], [100.45532563544914, 13.719895177475296], [100.45535322676234, 13.719683714340364], [100.45537155135803, 13.719562700867172], [100.45544111165417, 13.719503534598884], [100.45566605103524, 13.719619724080522], [100.45585855224911, 13.719723675052194], [100.45594841497423, 13.719770603349454], [100.45604581097514, 13.719820877962984], [100.45627020696172, 13.719942719784154], [100.4563658834088, 13.719995263388583], [100.45671088845668, 13.72018306072365], [100.4574229020597, 13.720565304568092], [100.45760327635551, 13.720670456424662], [100.45773668257131, 13.720749895577983], [100.45778332268023, 13.720628715854984], [100.45780718665291, 13.720469252284095], [100.4578311431454, 13.720324477497165], [100.45784450979231, 13.720243042321544], [100.45786877228335, 13.720147982559244], [100.45789258246843, 13.720073265442691], [100.45791186036071, 13.720013264402976], [100.45794317587789, 13.719937373042557], [100.45802347062354, 13.719744807920476], [100.45808211223326, 13.719602088312612], [100.45811916449547, 13.719519383388777], [100.45814934507992, 13.71944688765168], [100.45817894080567, 13.719373266319716], [100.45820569601314, 13.719307572294536], [100.45824437015554, 13.719206777706278], [100.45828024563806, 13.719120689867454], [100.45832976666631, 13.71899836312937], [100.45836158397759, 13.718910039340551], [100.45840184507269, 13.718785507356534], [100.4585062943142, 13.718387148940952], [100.45854178713826, 13.71833270189356], [100.4586125494085, 13.718187649854022], [100.45865897930946, 13.718032572821455], [100.45868215539326, 13.717948819816783], [100.4587336803989, 13.717776763470658], [100.45875412065523, 13.717717885478269], [100.45877850127265, 13.717642034995624], [100.45881244735035, 13.717524319947273], [100.45882821579089, 13.717457559895857], [100.45884504223484, 13.717374973416469], [100.45889404856987, 13.717262820088598], [100.45891682115223, 13.717207318162558], [100.45894409798282, 13.717132580518442], [100.45897777318679, 13.717064584782667], [100.45899993994398, 13.7170045657317], [100.45901689195975, 13.716942318478473], [100.4590399771031, 13.716843876664276], [100.45904264156009, 13.716713916875808], [100.45904607234871, 13.716614461166069], [100.45905377154472, 13.716551138598605], [100.45907188623192, 13.716490014426972], [100.45909862697148, 13.716422059629458], [100.45914298127822, 13.716305413045943], [100.45920836833177, 13.716132143937898], [100.45924138171182, 13.716050592710333], [100.45926462028979, 13.71597700884151], [100.45927868986175, 13.715915908548903], [100.45930077967716, 13.715843461410353], [100.45933425217686, 13.715742698343583], [100.4593562512093, 13.715655562410939], [100.45937894676965, 13.71558763148427], [100.45941072053526, 13.715492528185013], [100.45943615876085, 13.715400852144601], [100.4594609502147, 13.715297879536106], [100.45947962164637, 13.715233362214905], [100.4595023729947, 13.715174470538297], [100.45952680205818, 13.715106529365869], [100.45955863855356, 13.71502159521934], [100.4596238844748, 13.714825728819633], [100.45968011498177, 13.714667203950162], [100.4597079282416, 13.714585683399921], [100.45973232927126, 13.714513222588215], [100.45976580750919, 13.714413589402074], [100.45979197093541, 13.714345637969618], [100.45981105948408, 13.714255129362352], [100.45983093535168, 13.714198513645078], [100.45986026470136, 13.714081955736216], [100.45987581624537, 13.713980168537763], [100.45992964423257, 13.713806968501526], [100.45995737959564, 13.713713018965882], [100.46000098158378, 13.713568128032215], [100.46003929287676, 13.713502364718932], [100.46007177671373, 13.713428726190733], [100.46009512658722, 13.713373220790206], [100.46013783020634, 13.71327014323004], [100.46017346776591, 13.713145637492762], [100.46019880683195, 13.713038142721345], [100.46011432837953, 13.71302056263045], [100.45942937959362, 13.712806527123384], [100.45869510411316, 13.712558883150802], [100.45780835345386, 13.712324564725765], [100.45693419205388, 13.712163615469198], [100.45629303943606, 13.712022759339968], [100.4561888936212, 13.712001903867302], [100.4561101863419, 13.711983158392556], [100.45604307186737, 13.71196999435242], [100.45596032752456, 13.711952402558948], [100.45586659702305, 13.711933744590864], [100.45579252745164, 13.711917231594636], [100.45573062760761, 13.711906297558032], [100.45563864461433, 13.71188988910866], [100.45557210107134, 13.711875591622974], [100.4555078480627, 13.711857890779864], [100.45544709697933, 13.711845819050685], [100.45537826200089, 13.711834924854077], [100.45530995801022, 13.711816117858554], [100.45531304837398, 13.711755082341549], [100.4553224691221, 13.711689489751581], [100.45533416555155, 13.711618234010858], [100.45534875123526, 13.711546961258755], [100.4553575792752, 13.711479112256978], [100.45536575985695, 13.711399966658968], [100.45537914806278, 13.71132192125394], [100.45539257802147, 13.711250655305227], [100.45540778328629, 13.711186158605983], [100.45541666002563, 13.711126218969278], [100.45542668550337, 13.711065142618397], [100.4554355065571, 13.710996163705863], [100.45545009915068, 13.710926020860615], [100.45546348731762, 13.710847975453577], [100.45547228051902, 13.710774476902666], [100.45548860756838, 13.710704323843988], [100.4554985634203, 13.710631948397396], [100.45550505216659, 13.71055959246082], [100.4555127662154, 13.71049852971776], [100.45553031762181, 13.710439669857044], [100.45554375447168, 13.710369533814175], [100.45556355460623, 13.71030048934984], [100.4555798946056, 13.710232596112807], [100.45560830677084, 13.710154462238178], [100.45562583724946, 13.710092211741788], [100.45564104240744, 13.71002771503611], [100.45565106780913, 13.709966638681298], [100.45566281282962, 13.709903292299757], [100.45567852017743, 13.709826363181378], [100.4556971227902, 13.709750546964404], [100.4557088329907, 13.709681551034796], [100.45572341153972, 13.709609148363517], [100.45572702491359, 13.709539070160847], [100.45573695979786, 13.709463304981938], [100.45574866997546, 13.709394308147544], [100.45575811749273, 13.709333235193439], [100.45577550867972, 13.709248386503878], [100.45578609795865, 13.709185046925107], [100.45579601889936, 13.709107021926235], [100.45581124485643, 13.709045914944342], [100.45582469550652, 13.708978038713607], [100.45584445464223, 13.708902214777059], [100.45585614297579, 13.708829829121534], [100.45587016542108, 13.708760820476005], [100.45588240467004, 13.708683911774019], [100.45589574391015, 13.708597956086837], [100.45591259894114, 13.708519890252397], [100.45592321601404, 13.708461070308758], [100.45592840277752, 13.708364993979183], [100.45584194892598, 13.708401661488855], [100.4557756569476, 13.70842804069962], [100.45571746173127, 13.708455502170924], [100.45565810292759, 13.708481840530117], [100.45560223993769, 13.70851267809672], [100.4555337139929, 13.708551499856767], [100.45547268423695, 13.708588017568237], [100.45540758263886, 13.708620039433924], [100.45534538416206, 13.708654304095955], [100.45528724449612, 13.708690804753775], [100.45523486238775, 13.70872388165764], [100.45517851188133, 13.708769411367388], [100.4551221543955, 13.70881381115649], [100.45507034312314, 13.708845754719311], [100.45501053151418, 13.708892434717237], [100.45494547242464, 13.708931235928805], [100.4548873177864, 13.708965476690318], [100.45482741660581, 13.708997467815621], [100.45476168130438, 13.709020453650796], [100.45469706690352, 13.709037783119571], [100.45463536954148, 13.70905961521268], [100.45457314300417, 13.709089360061641], [100.45450920377513, 13.7091225048257], [100.45445043640133, 13.709151099344039], [100.45439575750932, 13.709186449503688], [100.454322105171, 13.709237730582421], [100.45426803792729, 13.709278726874553], [100.45420872832518, 13.709312974286602], [100.45415637372486, 13.709350570629926], [100.45409769755513, 13.709393853901688], [100.45404764735362, 13.709430306719815], [100.45398542063411, 13.70946005143699], [100.45392666793262, 13.709490905659905], [100.45386961307369, 13.70951610012908], [100.4538154909957, 13.709548057046922], [100.45375325633572, 13.709576671806374], [100.4537014446918, 13.709608615115329], [100.45363285460076, 13.709637267218845], [100.4535776383924, 13.709679400085646], [100.453521252568, 13.709719279915918], [100.45348572484943, 13.709768076712344], [100.45343625231536, 13.709804526025385], [100.45336826082651, 13.70983656439828], [100.45327308960259, 13.709865372681486], [100.45320216018789, 13.709889518622699], [100.45313415474061, 13.709919297115162], [100.4530782484283, 13.709943354715406], [100.45301492131824, 13.709982145291645], [100.4529475284028, 13.710017569895024], [100.45288932546879, 13.710043900857725], [100.45282425085684, 13.710080441757256], [100.45276335442897, 13.71004464117924], [100.45271904891298, 13.709981623343717], [100.45267125550303, 13.709915237946147], [100.45260010507313, 13.709809439661242], [100.4525645298859, 13.70975654096037], [100.45251677128924, 13.709695804174128], [100.45246420241982, 13.709604586937509], [100.45242800083545, 13.709543782227456], [100.45237662940016, 13.709459337641285], [100.45234104043193, 13.709404179074305], [100.45230716419056, 13.709345620583052], [100.45226915276133, 13.709272396097246], [100.45224051189994, 13.709219456598404], [100.4522060995276, 13.709167680949129], [100.45217042038455, 13.709097833501685], [100.4521261152251, 13.709034816425786], [100.45208359917197, 13.708980828447865], [100.45204224577397, 13.708927963584078], [100.45200779877925, 13.70887053834069], [100.45195470106076, 13.708787233725564], [100.45191971096834, 13.708735460511885], [100.45189047158766, 13.708679134615235], [100.45184730839591, 13.708613850862283], [100.45181513817455, 13.708550762450663], [100.45177776736426, 13.708487704571178], [100.45174217175595, 13.708431415973823], [100.45170247572482, 13.708366111827548], [100.45167325032918, 13.708312045717054], [100.45163236394853, 13.708241098782684], [100.45158102087213, 13.708161173612732], [100.45154715195284, 13.708103743982957], [100.45150980211179, 13.708044075781682], [100.45145739364683, 13.707978846213546], [100.45141427928849, 13.707921471739027], [100.45138736539626, 13.707867392012258], [100.45135234782765, 13.707811099945456], [100.4513097766789, 13.707748072495356], [100.451275887082, 13.707687253982556], [100.45124146822155, 13.70763434733385], [100.45119884857209, 13.70756341047449], [100.45114816689802, 13.707497040732662], [100.45109690047313, 13.707429544456621], [100.45106651272415, 13.707374355115766], [100.45101175154828, 13.707302359515595], [100.45096746787253, 13.707242731895152], [100.45092438845893, 13.707191006867017], [100.4508864541553, 13.707130212016102], [100.45084102872775, 13.707072850067586], [100.45081008405505, 13.707021053810166], [100.45077161358206, 13.70696704179863], [100.4507388868676, 13.706907346314985], [100.4507055615239, 13.706844264478732], [100.45067458917447, 13.706787948548637], [100.45064240568016, 13.706722600095151], [100.45061428096196, 13.706659487730072], [100.45058260600163, 13.706582836751958], [100.45055855394163, 13.706524220296675], [100.45052460232361, 13.706453231523607], [100.45049700697827, 13.706382206361432], [100.45046820050672, 13.70630214957825], [100.45043827303353, 13.706227747322286], [100.45040478148078, 13.706137547526774], [100.45037364291412, 13.706054113641107], [100.45034144575412, 13.705986505301603], [100.45031155303886, 13.705917753486872], [100.45027524171299, 13.705838868828941], [100.45025467072566, 13.705782492720704], [100.45022890612027, 13.70572727521396], [100.45020082324626, 13.70567094224958], [100.45016396189659, 13.705596581509372], [100.4501353081493, 13.705541381835157], [100.45010076512847, 13.705468137439054], [100.45006800416459, 13.705402792258944], [100.45005026007749, 13.705336229063255], [100.44995279951209, 13.705368439229778], [100.44986698577566, 13.705415270467876], [100.44978860074195, 13.705448498685161], [100.44971020181926, 13.7054794661501], [100.44963866765424, 13.705499095622482], [100.44955964928407, 13.705523287857183], [100.44948529424632, 13.705554231550686], [100.44941785340332, 13.705581746644265], [100.44934056156505, 13.705604798739959], [100.44923967529812, 13.705643808443979], [100.44917567371508, 13.705666782601222], [100.44910647849292, 13.705690917132255], [100.44903386469996, 13.705722980449693], [100.44898151683044, 13.705761706527237], [100.44892045285835, 13.70579257218243], [100.44884437105412, 13.70582465757775], [100.44870942667517, 13.705869515495756], [100.44864369837306, 13.705893629595364], [100.44855778028436, 13.705923511721272], [100.44837384401089, 13.705988996533508], [100.44828913691589, 13.706027912015266], [100.44817564068073, 13.706083943579893], [100.44807359137275, 13.706121829700555], [100.44800846844869, 13.706150459914685], [100.44794174349546, 13.70620056862329], [100.44785539961049, 13.706255312008814], [100.44776896571322, 13.706295366489515], [100.44770206765224, 13.706317227298154], [100.44758170023356, 13.706383469336311], [100.44746416567027, 13.706440655103876], [100.4473811640817, 13.706475039596683], [100.44731665339727, 13.706509315832948], [100.44725501806431, 13.706541315315713], [100.44718183971442, 13.706575642251735], [100.447087350369, 13.706621393433313], [100.44698998468392, 13.706669421323381], [100.44691445337945, 13.706696982229044], [100.44685332661106, 13.706717679098642], [100.44675012800285, 13.706756701395703], [100.44666258642911, 13.706804671686204], [100.44658014858538, 13.706836792723912], [100.4465219593634, 13.706865382014842], [100.44646151407427, 13.70690302412933], [100.44640445976141, 13.706928216891749], [100.44632720075143, 13.706956917692768], [100.44627072517616, 13.70698210704146], [100.44620674960608, 13.707009600155164], [100.44614391680376, 13.70703482666013], [100.4460816963956, 13.707065699343401], [100.44596991278141, 13.707118331008157], [100.44590480310757, 13.70714922054734], [100.44584719847006, 13.7071789362299], [100.44576897114938, 13.707238151318434], [100.4456695294344, 13.707324609346601], [100.44556994159294, 13.707387339137572], [100.44550258951395, 13.707429541243686], [100.4454438843451, 13.707468302918045], [100.44533324915709, 13.707519797655026], [100.44527329151262, 13.707542747241273], [100.44520927512383, 13.707563460627332], [100.4451487534267, 13.707588673392983], [100.44505936710682, 13.707618574668167], [100.4449815298224, 13.707647277558767], [100.4449088664265, 13.707671432176987], [100.44483091951237, 13.70768205728105], [100.44474198662418, 13.707691616600027], [100.44462470477366, 13.707695690845194], [100.44454270601247, 13.70770521048275], [100.44447633668155, 13.707719157702144], [100.44440081848686, 13.707748976826151], [100.44432305012182, 13.707788980482189], [100.44423089864453, 13.707839235925285], [100.44416754966738, 13.707874635486535], [100.44410653965893, 13.7079145393868], [100.44404893457525, 13.707944254689236], [100.44398554411235, 13.70797287381231], [100.44391061051732, 13.708003820244674], [100.4438356354888, 13.708027988066911], [100.44375025229651, 13.708051084881673], [100.44368736275952, 13.708067271493912], [100.44362451554852, 13.70809023757939], [100.44356167522551, 13.708114333565712], [100.44346539570192, 13.708151054283118], [100.44340025085725, 13.708176293641776], [100.4433309851636, 13.708189127524482], [100.44328211660586, 13.70823009122146], [100.44319446328643, 13.708259981748233], [100.4430825670407, 13.70829453357277], [100.44300355470068, 13.70831985377554], [100.44291013570438, 13.708352037771345], [100.4428282607537, 13.70838189445304], [100.44276428525328, 13.70840938674425], [100.44269393961902, 13.708434656279188], [100.44262244517017, 13.708461062455127], [100.44254862459441, 13.708485222271348], [100.44247825914356, 13.708507101995352], [100.4424038537906, 13.708530135226331], [100.44233696229223, 13.708553124601359], [100.44227811742653, 13.708569287279351], [100.44221175455706, 13.708584363843093], [100.44212637095818, 13.708607461035257], [100.44205308767664, 13.708624837838467], [100.44197403279497, 13.708643378240161], [100.44187943114731, 13.708671048941353], [100.44181367363612, 13.708690641699276], [100.44174561850538, 13.708712507752805], [100.44166136981757, 13.708732208303951], [100.44159214424458, 13.708751820325134], [100.44151079855223, 13.70877376381372], [100.44143521065898, 13.708792284740511], [100.4413417507783, 13.708817687772205], [100.44119058868903, 13.708856988435274], [100.44112311128005, 13.708878850055067], [100.44104636760784, 13.708897376701835], [100.44097882035409, 13.708907940025147], [100.44087666507336, 13.708928874646364], [100.4408080181359, 13.708948483990453], [100.44075095572528, 13.70897254563498], [100.44068232942648, 13.708995544697427], [100.44058595945198, 13.709017575448224], [100.44048784901986, 13.70903848634675], [100.44041054803859, 13.709060405924191], [100.44032864490353, 13.7090857421627], [100.4402675443392, 13.709110957186372], [100.44020351227016, 13.709129409529348], [100.44010831853524, 13.709154823122788], [100.43999695874726, 13.709182590758587], [100.43993584434533, 13.709205545871262], [100.43979281977875, 13.709252707124493], [100.43970977455889, 13.709280309736204], [100.4396284619437, 13.709307902232403], [100.43953030308869, 13.709320903347576], [100.43944249138626, 13.709324803613454], [100.43933573953238, 13.709350285124264], [100.43926768391273, 13.709372149631653], [100.43918521642352, 13.709399748712869], [100.43915886907797, 13.70934340420129], [100.43909372993224, 13.709179939502137], [100.43904384203945, 13.709053674612527], [100.43896289473155, 13.708856403136412], [100.43893524044897, 13.708775206215995], [100.43887368569933, 13.708630930751124], [100.43878165639828, 13.70841677340298], [100.43870367447656, 13.708231914074409], [100.43866965810123, 13.70814962507234], [100.43858410840517, 13.707955769151965], [100.43852726630311, 13.70782615468492], [100.43848510426173, 13.707734873370464], [100.43842303507577, 13.707600769444936], [100.43830355222701, 13.707338183329732], [100.438223899451, 13.707163503112096], [100.43818525286568, 13.707080110980877], [100.43801513415227, 13.70666301486114], [100.43790948620413, 13.706394699103793], [100.43785784551049, 13.706265054151789], [100.43783727045285, 13.706207545900567], [100.43779973863109, 13.7061173665378], [100.43772465447555, 13.705933619836358], [100.43769239206057, 13.705854710301692], [100.43763960281771, 13.705726201913267], [100.43759677438605, 13.705620234775907], [100.43753516645697, 13.705466917621763], [100.43750760249745, 13.70540041028288], [100.43742134061458, 13.705183959604527], [100.4373561697094, 13.705014843664188], [100.43726458392055, 13.704778084580196], [100.43677678600282, 13.7039085896491], [100.43668447822841, 13.703743021872455], [100.43665062033506, 13.703686720585209], [100.43661266952967, 13.7036225324466], [100.43650639092876, 13.70344009633898], [100.43632420434919, 13.703128155661581], [100.43615078189326, 13.702831982440093], [100.43609121812929, 13.702729501961928], [100.43606084219986, 13.702675440265157], [100.43606507276697, 13.70261100799599], [100.43604835901148, 13.702522968177126], [100.43602949770828, 13.70246205895477], [100.4359792069026, 13.702364044434066], [100.43594994462343, 13.702303196490952], [100.4359107768373, 13.70222884653027], [100.43587458058852, 13.702168038828713], [100.4358360867476, 13.702109504377319], [100.43580742203514, 13.702052042820673], [100.43577526473535, 13.701990080789168], [100.43574601629003, 13.701931493554616], [100.43569465238907, 13.701847043795443], [100.43566366361893, 13.701787335784541], [100.4356210290233, 13.701713005880874], [100.43557483141872, 13.701622877205333], [100.43553979102512, 13.701562062727044], [100.4355093664498, 13.701500091493875], [100.43549225946542, 13.701442561904575], [100.43555390916012, 13.701412826060327], [100.43558650259, 13.701356138894011], [100.43556351438498, 13.701281694041489], [100.43553588297, 13.701203887155616], [100.43551294968199, 13.701138482560923], [100.43549001640831, 13.701073077962517], [100.43546821137424, 13.701003146972548], [100.43545045117189, 13.700933192506795], [100.4354304208128, 13.700870030973086], [100.43540862953847, 13.70080235981397], [100.43538389425612, 13.700725666052936], [100.43536374048314, 13.700642165941582], [100.43532259280512, 13.700527147851124], [100.43528729205613, 13.700423396331034], [100.43526087138089, 13.700354622049185], [100.43522909938743, 13.700261019683541], [100.43519488581302, 13.700145962229625], [100.43516311388133, 13.700052359848655], [100.43514134335203, 13.69998807840855], [100.43510948324696, 13.699879786137936], [100.43507585448829, 13.699765855221543], [100.43501697371363, 13.699585403111818], [100.43498754160775, 13.699496306960112], [100.43495399525123, 13.699395935061592], [100.43490332173509, 13.699234644626813], [100.4348797699033, 13.699162463754032], [100.43481578592412, 13.698997859703432], [100.43476824851552, 13.698877229614343], [100.43474537056179, 13.69882086426079], [100.43473633302257, 13.698759898796766], [100.43477766914172, 13.69871558970315], [100.43482191494947, 13.698674655418683], [100.43485917884432, 13.698625850992725], [100.43489180640532, 13.69857481262735], [100.43492270048819, 13.698523786120827], [100.43495416552258, 13.698471625435353], [100.4349838979935, 13.698419474796124], [100.43500840853159, 13.698363963657211], [100.43503639194958, 13.698309564141331], [100.4350690203578, 13.698258525753992], [100.43509991436035, 13.698207498327942], [100.43513021681369, 13.698154214409362], [100.4351587857818, 13.69810094054365], [100.43518735473792, 13.698047666675675], [100.43521534585821, 13.697994396157373], [100.43524217446276, 13.697940002420127], [100.43526900305594, 13.69788560868096], [100.43529757196488, 13.697832334804353], [100.43532728965157, 13.697777924300512], [100.43535815703932, 13.69772237716377], [100.43538788841437, 13.697670226496289], [100.43541876856564, 13.697616939201016], [100.43545253096022, 13.697562505220509], [100.43548167761668, 13.697509227976823], [100.43551024643841, 13.697455954083257], [100.4355376596035, 13.697402686892506], [100.43556970219261, 13.697350522799606], [100.43560116694076, 13.697298361152457], [100.4356308982155, 13.697246210464538], [100.43566175861874, 13.697189534284755], [100.43568743047, 13.6971351463218], [100.43571425888348, 13.697080752549944], [100.43574282075518, 13.697026349621321], [100.43577658391926, 13.696971914700384], [100.43580573043965, 13.696918637430379], [100.4358331366261, 13.696864240296762], [100.4358588093385, 13.696809853220547], [100.43588795582313, 13.69675657594396], [100.43592000511656, 13.696705541739755], [100.43595089189674, 13.696653384318692], [100.43598120084381, 13.696601230248278], [100.43601266541857, 13.696549069468372], [100.43604470780022, 13.696496905332118], [100.43607211481456, 13.69644250817507], [100.43610300746623, 13.696391480666431], [100.43613331727471, 13.696339326577542], [100.43616362614611, 13.696287172491404], [100.43619045436857, 13.696232778684506], [100.43621551482056, 13.69617274533509], [100.43623771360767, 13.696117248435053], [100.43626280147987, 13.696061734764296], [100.43629076471387, 13.69600394448135], [100.43632513196478, 13.695954026744804], [100.43635659638225, 13.695901865030482], [100.43638864639591, 13.695850830778106], [100.43642127236562, 13.695799793179253], [100.43645505488257, 13.695748748863352], [100.43648768174974, 13.69569771125276], [100.43652030860352, 13.695646673639049], [100.43655235855073, 13.695595639371314], [100.43658266724597, 13.695543485249255], [100.43661413156342, 13.695491324415405], [100.43664444023325, 13.69543917028801], [100.4366729742666, 13.695380246700555], [100.43669922446782, 13.695325856210944], [100.43672837746668, 13.695273708785988], [100.43675752359111, 13.695220431438413], [100.43678898783206, 13.695168270589026], [100.43682161455541, 13.695117232947036], [100.43685366344909, 13.695066198656969], [100.43688858082166, 13.695011757827787], [100.43692468812631, 13.694962959885514], [100.43695673103468, 13.694910794756264], [100.4369870395689, 13.694858641503199], [100.43701502995914, 13.694805370844911], [100.43704475378415, 13.694752090118223], [100.4370750622756, 13.694699935953707], [100.43710710419464, 13.694647770816038], [100.43713973078476, 13.694596733143829], [100.43717351985543, 13.69454681867725], [100.43720730891243, 13.694496904207266], [100.43724109109148, 13.694445859813808], [100.43727717171038, 13.694392542148018], [100.4373126932441, 13.694342617605134], [100.4373476387981, 13.694292696403707], [100.43738200467479, 13.694242778565423], [100.43741463894449, 13.694192870781306], [100.43744668073239, 13.694140706515647], [100.43747814469316, 13.694088545603286], [100.43750787519997, 13.694036394757065], [100.43753702101553, 13.693983117344773], [100.43756616681884, 13.693929839930117], [100.43759415790801, 13.693876569220711], [100.43762619869374, 13.693824404944], [100.43766115097768, 13.693775613630223], [100.43772933394929, 13.693680300912359], [100.43761809089462, 13.693631228912842], [100.43755568026229, 13.69363046058165], [100.43749721135147, 13.693612721748995], [100.4374398774678, 13.693591584621519], [100.43738196578619, 13.693570451739568], [100.43732519601018, 13.693547052291246], [100.43727013908965, 13.693520253001402], [100.4372190856849, 13.693486650688442], [100.43716975886744, 13.693451908377053], [100.4371186986274, 13.693417176120125], [100.43706764526472, 13.693383573771333], [100.43701946038821, 13.693346564874581], [100.43696897800336, 13.693311829227039], [100.4369271079083, 13.693268002979426], [100.43687716219318, 13.693226484433062], [100.43683069708895, 13.693187205588288], [100.43678423199994, 13.693147926733152], [100.43672971873154, 13.693115474350437], [100.43667406357612, 13.6930852885034], [100.43661610404885, 13.693056245978926], [100.43656333797698, 13.69302604333401], [100.43651171382031, 13.692993574127833], [100.43646123158004, 13.692958838360985], [100.43640727470296, 13.692922992788002], [100.43636310725825, 13.69288144058572], [100.43631949112817, 13.692835365332602], [100.43627014306364, 13.692797232153067], [100.4362185189941, 13.692764762876257], [100.43616804370134, 13.692731156960678], [100.43611584184828, 13.692698691012357], [100.43602241658395, 13.692633695380513], [100.43596960267371, 13.692595583145216], [100.43591683677903, 13.692565380343108], [100.43586463499392, 13.692532914334377], [100.43581301103278, 13.69250044496114], [100.43576138022893, 13.692466845654677], [100.43571090505947, 13.692433239632415], [100.43565810494654, 13.692397386258826], [100.43560646048002, 13.692361527977198], [100.43555483658311, 13.692329057638561], [100.43550320585032, 13.692295458270486], [100.43544925018311, 13.6922596124522], [100.43539876824433, 13.692224876435828], [100.43534828631984, 13.692190140407611], [100.4352972334539, 13.69215653763949], [100.43524732251372, 13.692120668315612], [100.43519798939766, 13.69208479562961], [100.43514865629611, 13.6920489229322], [100.43509355882179, 13.692015343568215], [100.43504652327579, 13.691977196699776], [100.4350012065539, 13.6919367817413], [100.43495069733159, 13.691897525029734], [100.43490192155801, 13.691858259160863], [100.43485430826962, 13.691820116502956], [100.43481013536827, 13.691777434045939], [100.43476539060073, 13.6917358848556], [100.43472122365743, 13.69169433230623], [100.43467017005703, 13.691660729393513], [100.43461854643692, 13.69162825973402], [100.4345663450219, 13.691595793411157], [100.43451471457361, 13.691562192901428], [100.43446309099438, 13.691529723205036], [100.4343627466207, 13.691467027781167], [100.4343099743083, 13.691435693763081], [100.43425777297419, 13.691403227366292], [100.43420614946166, 13.691370757609022], [100.43414363663578, 13.691353040432967], [100.43408687450615, 13.691330770075643], [100.43403066965185, 13.691305106590818], [100.43397504261651, 13.691279439744562], [100.43391941559224, 13.69125377288456], [100.43386378173254, 13.691226976088783], [100.4338081547307, 13.691201309201265], [100.43375252773993, 13.691175642300006], [100.4336974717166, 13.691148841212202], [100.43364298667237, 13.691120907746043], [100.43358850164012, 13.691092974266567], [100.43353400977497, 13.69106391085155], [100.43347781095423, 13.691039377156095], [100.4334233259575, 13.691011443636304], [100.43336883505322, 13.69098238017554], [100.43331606981467, 13.690952176747013], [100.43326444559153, 13.690919706775125], [100.43321224449939, 13.690887240131183], [100.4331646316616, 13.690849097099292], [100.43311182541437, 13.690812113182817], [100.43306018165005, 13.690776254293372], [100.43301027815222, 13.690741513471028], [100.43295979686738, 13.690706776885936], [100.43290989340339, 13.690672036944209], [100.43285941214705, 13.69063730033555], [100.43280950871144, 13.690602560370506], [100.43275902748361, 13.690567823738276], [100.43270911723572, 13.690531953827243], [100.43265863603666, 13.690497217171414], [100.43260234259007, 13.69045686433036], [100.43255186142162, 13.690422127649438], [100.43249966736823, 13.690390790756325], [100.43244689551656, 13.690359456290466], [100.43239412368364, 13.690328122715842], [100.4323407808969, 13.690297922394763], [100.43228686031728, 13.690267725404016], [100.43223351755628, 13.690237525056991], [100.4321733154333, 13.690219793970625], [100.43211371256099, 13.690205449289527], [100.43206265370596, 13.69017071583863], [100.43201159578982, 13.690135982370284], [100.43196111476905, 13.69010124555275], [100.43191063376257, 13.690066508723366], [100.43186015960127, 13.690032900901326], [100.43180967769862, 13.689998164053625], [100.43175745648357, 13.689962307291337], [100.43170466431424, 13.689927583781392], [100.43165418337973, 13.689892846891897], [100.43160313148961, 13.68985924325538], [100.43155265058351, 13.689824506342099], [100.4315015987214, 13.6897909026816], [100.43145111784368, 13.689756165744527], [100.4314000660096, 13.68972256206004], [100.43134672347227, 13.689692361497412], [100.43129911115872, 13.689654218049922], [100.43124289329252, 13.689626294012811], [100.43118552666276, 13.689599506566097], [100.43113446805877, 13.689564771991916], [100.43108283167047, 13.689530041649832], [100.4310254573229, 13.68950212424349], [100.43096635142443, 13.689474216831673], [100.43086605657321, 13.689419428365152], [100.43080985837516, 13.689394893995164], [100.43075875981123, 13.689353380689308], [100.43071057575685, 13.689316370380157], [100.43065723338923, 13.689286169650341], [100.43060332006064, 13.689257102170522], [100.43054884260016, 13.68923029786425], [100.43050007488752, 13.689192160013835], [100.43044269477629, 13.689163112527616], [100.43038759858209, 13.689129532880663], [100.43033596238351, 13.68909480145756], [100.43028028841017, 13.68906122421795], [100.43023209858173, 13.689023083872247], [100.43018448657163, 13.688984940177498], [100.4301368745766, 13.688946796471976], [100.4300892625966, 13.688908652755677], [100.43004107282329, 13.688870511462321], [100.4299934608789, 13.688832368628285], [100.42994584894413, 13.68879422487953], [100.42989651043726, 13.688757220152189], [100.42984661463187, 13.688723610331204], [100.42979498542162, 13.68869000870195], [100.42974335623089, 13.688656407964341], [100.42969231168185, 13.688623933801985], [100.42964068251888, 13.688590333039944], [100.4295896311722, 13.688556728929072], [100.42953800111279, 13.688523128147905], [100.4294863797406, 13.68849065726822], [100.42943358820548, 13.688455933204967], [100.42938021888327, 13.688421212464853], [100.42932917350595, 13.688388738222493], [100.42927754443609, 13.688355136470062], [100.42917777362749, 13.688291304497037], [100.42912672241111, 13.688257701181074], [100.42907510021828, 13.688225229305134], [100.42902404902408, 13.688191625061055], [100.42897242004237, 13.688158024139938], [100.42892194667743, 13.688124416536784], [100.42886631404086, 13.688097618483301], [100.42881068823668, 13.688071950340849], [100.4287556334243, 13.688045148925339], [100.42870000082227, 13.688018350830637], [100.428644946033, 13.687991549387943], [100.4285893202684, 13.687965880286797], [100.42853426550197, 13.68793907881695], [100.42847921074706, 13.687912277333579], [100.42842414918486, 13.687884345911652], [100.42836909445329, 13.687857544401206], [100.42831403973325, 13.687830742877237], [100.42825897728227, 13.68780281141995], [100.42820392258558, 13.687776009868905], [100.42814886200745, 13.68774807837382], [100.42808804885512, 13.687724699905058], [100.42803071025816, 13.687702431343917], [100.42796989123465, 13.687677922913135], [100.42791198941433, 13.687657917500035], [100.42784894688768, 13.687648110497532], [100.4278136071856, 13.687728542698954], [100.42780492808663, 13.687822379818035], [100.42780018453888, 13.687898114805922], [100.42778529429987, 13.688111763996389], [100.42778104676042, 13.688173936547228], [100.42776519020248, 13.688323183324439], [100.42775590602045, 13.688412504072426], [100.42774551983784, 13.688510871796355], [100.4277356587644, 13.688600194966687], [100.4277187138101, 13.688760748568367], [100.42770613318687, 13.688878337440759], [100.42769302928052, 13.689004969047229], [100.42767817150687, 13.689128220873897], [100.42765682837963, 13.689230041677575], [100.42764105198326, 13.689296799666808], [100.42762428355985, 13.689390684334791], [100.4276092203489, 13.689480038406078], [100.42758538192513, 13.689551363648485], [100.42757522150609, 13.689687017993714], [100.42756699062667, 13.689759383193783], [100.4275478495893, 13.689843110956216], [100.42755168447158, 13.689904106929156], [100.42754226389323, 13.689970829166445], [100.42751054740775, 13.690077228739082], [100.42749538282699, 13.690149633922482], [100.42747262496431, 13.690208523317937], [100.42745218514031, 13.690268530213562], [100.427444572915, 13.690347670727794], [100.42742415352127, 13.690411067398221], [100.42739700395637, 13.690508400910879], [100.4273823771668, 13.690574023201956], [100.42736020386793, 13.690634039185287], [100.4273341008347, 13.690713287225677], [100.42731653634952, 13.690771016701834], [100.42728324300691, 13.690903414536908], [100.42725112569647, 13.691039195482425], [100.42721788588756, 13.691180632721172], [100.42719321963412, 13.691306201018598], [100.42717809488293, 13.691385386654058], [100.42716357611188, 13.691469087749585], [100.42711583736562, 13.691601568862442], [100.42710587290593, 13.691673944051102], [100.42710278083976, 13.691736109933707], [100.42710202727494, 13.691802782191463], [100.42710188559542, 13.69187510074402], [100.4271011388485, 13.691942902926435], [100.4271011811685, 13.69204572946165], [100.42708867518859, 13.69217574749791], [100.42704920142582, 13.692241513945005], [100.4270374558009, 13.6923059896492], [100.42702280066693, 13.692367092234461], [100.42700206898111, 13.692474558403212], [100.42698359309273, 13.692572971848294], [100.42696834649351, 13.692631817912815], [100.42697333697201, 13.692692807228802], [100.42697141414001, 13.692757226297278], [100.42697012363756, 13.69283068143651], [100.42695431284014, 13.692891790682996], [100.4269361703439, 13.692949524382577], [100.42691864653413, 13.693014033397992], [100.42691153018215, 13.69307961237377], [100.42690671827026, 13.693144048098624], [100.42690485675787, 13.693218636494155], [100.42690765091, 13.693298847869942], [100.42691500128885, 13.693367733330033], [100.42691481871319, 13.693433272327663], [100.42690772280282, 13.693502241078336], [100.42690757430144, 13.693573429701818], [100.42692019907135, 13.693654714359125], [100.42690795734495, 13.693732753398844], [100.42688697929589, 13.693799541355528], [100.4268491569239, 13.693851738696601], [100.42682817978053, 13.693918527548936], [100.42679122819888, 13.69401930743573], [100.42676460233209, 13.694107598178501], [100.42676787300682, 13.69417085733809], [100.42675905041668, 13.694240966006056], [100.42674907900351, 13.694312211261675], [100.4267332612735, 13.694372190576935], [100.42672612442487, 13.694434379773597], [100.42672020361152, 13.694506731640415], [100.42671140918564, 13.694581360003204], [100.42670600578401, 13.694643539205638], [100.42669947989128, 13.6947113747021], [100.4267050959225, 13.694780271065547], [100.42670719734399, 13.69484127703536], [100.42670476480558, 13.694916998683508], [100.42670223686828, 13.69497690137798], [100.42670031400722, 13.695041320441877], [100.42669955359915, 13.695106862768071], [100.42669186617726, 13.695173574995483], [100.42668709510676, 13.695244790266873], [100.42667532887293, 13.695305876187284], [100.42666509306062, 13.695429101331907], [100.4266516274284, 13.695495846871932], [100.4266520226584, 13.695561382534411], [100.42664663287908, 13.695625822488852], [100.4266424046238, 13.695691384807024], [100.42663987760693, 13.695751287494256], [100.42663506471598, 13.695815723218242], [100.42663435882454, 13.695890304943806], [100.42663305467063, 13.695961500224824], [100.42663403454519, 13.696028162479138], [100.42663620413765, 13.696100467696024], [100.42663956344981, 13.696178415875238], [100.4266382456755, 13.69624735130437], [100.42663632963662, 13.696312900289238], [100.42663048469296, 13.696397681321853], [100.42662688971093, 13.696472280605814], [100.4266226623835, 13.69653784291599], [100.42661729985439, 13.69660680166443], [100.42661942857663, 13.696672327327416], [100.42662213512489, 13.696737849658374], [100.4266207764701, 13.696800005534515], [100.42661535942368, 13.69685992488124], [100.4266111525416, 13.696928876965545], [100.42660229488637, 13.6969933360072], [100.42660557926641, 13.69705885500521], [100.4266071438082, 13.697126643847701], [100.426605214154, 13.697189933883129], [100.42660268622589, 13.697249836570782], [100.42659734414089, 13.697322185092327], [100.42659196797995, 13.697388883988296], [100.42659003832124, 13.697452173118972], [100.42658871374826, 13.69751997861802], [100.42657755933548, 13.697586710830091], [100.42657677851207, 13.697648863371814], [100.42658205536331, 13.697757309523363], [100.42656855556622, 13.697818405436724], [100.42656025620114, 13.697879472268538], [100.42655369712078, 13.69794165812626], [100.42655232483769, 13.69800155324459], [100.42655327750154, 13.698063696693803], [100.42656119041501, 13.698130318963264], [100.42656855461853, 13.698201464252863], [100.4265799013528, 13.698262416898977], [100.42659531240434, 13.698326736000917], [100.42660319311717, 13.698387708630095], [100.42661222082528, 13.698447544680137], [100.42661084857264, 13.698507440699204], [100.4266252821347, 13.698601144502973], [100.42662795468215, 13.698661017196972], [100.42663701742336, 13.698726503766467], [100.42664605289661, 13.698787468827252], [100.42665567984723, 13.69885069221251], [100.42666587781139, 13.698912781435567], [100.4266795836504, 13.698981630213362], [100.42668691975213, 13.699048255794457], [100.42668789292716, 13.699113788104876], [100.42668887292099, 13.699180450339766], [100.42668461837357, 13.699241492940732], [100.42667981326191, 13.699307058573286], [100.42668309684188, 13.699372578462453], [100.42668752428976, 13.699435830018132], [100.42669252865782, 13.699499080054018], [100.42669522851655, 13.699563471535797], [100.42668925412264, 13.699626784886368], [100.42668331288033, 13.699695746962282], [100.42667732484477, 13.699756799558969], [100.42666499430558, 13.699820148661574], [100.42665959091262, 13.699882327850416], [100.4266599590098, 13.699943343790249], [100.42664733011149, 13.700053023141963], [100.4266430960105, 13.700117455515041], [100.42664173743255, 13.700179611376237], [100.42663927091475, 13.700249684279543], [100.42663387432793, 13.700312992488204], [100.42662962659239, 13.700375165010982], [100.42662826120505, 13.700436191850503], [100.42662515549993, 13.70049609785847], [100.42662032311466, 13.700557143788451], [100.42661202373375, 13.700618209713076], [100.42661125569981, 13.700682622095135], [100.42661341865659, 13.700753797357674], [100.42661842398793, 13.700817046478482], [100.42661363839653, 13.700886001886161], [100.4266192420185, 13.700952637447692], [100.42660984057808, 13.701022749440098], [100.42660211902397, 13.701083812031458], [100.42659329633544, 13.70115392068562], [100.42658966051532, 13.701221739497216], [100.42659004227129, 13.701285016185711], [100.42658289854458, 13.701346075443968], [100.42657578208372, 13.701411654400962], [100.42658366205112, 13.701472627011844], [100.42658114781669, 13.701534789533635], [100.42657515975641, 13.701595842126194], [100.42657552787963, 13.701656858059852], [100.42656964207482, 13.701734859522505], [100.42656944599949, 13.701798138637631], [100.42656467496194, 13.701869353886437], [100.42656160334481, 13.701934909513687], [100.42655734105107, 13.701994823091985], [100.42655019049043, 13.702054751520208], [100.42655114327884, 13.702116894948212], [100.42654921369981, 13.702180184060019], [100.4265415466606, 13.702250286046443], [100.42653845551558, 13.70231245189327], [100.42651653932786, 13.70241540501659], [100.42650943648094, 13.702483243820431], [100.42650405350905, 13.70254881277681], [100.42650053357593, 13.702635840303223], [100.42649690456695, 13.702704789035064], [100.42649496135002, 13.702765818296156], [100.42649113627957, 13.702898047043261], [100.42648695670286, 13.702971518805413], [100.42647889494944, 13.703072132092528], [100.42647123562914, 13.70314336399602], [100.42646335886506, 13.70327448524147], [100.42645142430878, 13.703499416894696], [100.42645239074544, 13.70356381926324], [100.42644834752211, 13.703659890418685], [100.42643085035023, 13.703728919134338], [100.42644340086406, 13.703797774544322], [100.42641779346594, 13.703863460145373], [100.42643855647306, 13.703952607537241], [100.42643253595091, 13.704104057420935], [100.42642847227403, 13.704196737896142], [100.42642386484495, 13.704295071326467], [100.42641975344456, 13.704379842329141], [100.42641404488003, 13.70448722272451], [100.426400572849, 13.70464888525818], [100.42638131482043, 13.704713404274274], [100.42637774034871, 13.70479139239572], [100.42638137438425, 13.705010584416105], [100.42637146577523, 13.705188045885901], [100.4263661441415, 13.705263784155377], [100.4263517815406, 13.705373473486476], [100.42634077691596, 13.705465064931737], [100.42635633857131, 13.705554242310761], [100.42635154116098, 13.705620937845097], [100.42634641725054, 13.705729443921859], [100.42634171344375, 13.705811958408422], [100.42633596396091, 13.70591255834631], [100.42633079232324, 13.706013154950664], [100.4263204950776, 13.706126211624893], [100.42632269225001, 13.706203035581453], [100.42631908370058, 13.706275374978995], [100.42630927565416, 13.706373738397872], [100.42631614334162, 13.706458446062582], [100.42631263024612, 13.706546603496532], [100.42630399834694, 13.706648350021196], [100.42630028923638, 13.706799786551985], [100.42628658625868, 13.706923032541198], [100.42634514571368, 13.7069554627877], [100.42628834960294, 13.70711963604981], [100.42626315100398, 13.707253117117563], [100.42625325602059, 13.707432838417981], [100.42624977701708, 13.707526645469626], [100.42624126864258, 13.707744777532962], [100.42623875534939, 13.707806940934685], [100.4262288211978, 13.708075929582234], [100.42622435604474, 13.70819799140955], [100.42622530211293, 13.708259003986687], [100.42621552987677, 13.708459063914924], [100.42620943438796, 13.708598085502235], [100.42620390992823, 13.708735972926968], [100.42620746745614, 13.708846688833896], [100.42620004578686, 13.708957468075951], [100.42619365025917, 13.709046772090552], [100.42618670415317, 13.709140599135148], [100.42618135522348, 13.709211817694898], [100.42616417225291, 13.709428869817884], [100.42615706930385, 13.709496709508764], [100.42615578580676, 13.70957129450543], [100.42614368673362, 13.709673061019078], [100.42613886109645, 13.709735236850456], [100.4261287819872, 13.709884450177949], [100.42612571719054, 13.709951135704816], [100.42612323706891, 13.710018947822062], [100.42611633186128, 13.710119554407964], [100.42611813540894, 13.710226890534521], [100.42611621269383, 13.710291310448653], [100.42611544066278, 13.710450639751445], [100.42610701236664, 13.710586283989082], [100.42610118878447, 13.710674454734523], [100.42609638267642, 13.710740020340927], [100.42609443950137, 13.710801049577057], [100.42609193893344, 13.710865472822903], [100.42608018080163, 13.71102373553666], [100.42607080048664, 13.711097237274947], [100.42605914965196, 13.711177531892258], [100.42604274817475, 13.71133243150154], [100.42603567928138, 13.711405919904232], [100.42600944823727, 13.711655793145267], [100.426005378671, 13.711747343658244], [100.4259988662432, 13.711817438959306], [100.42599128085325, 13.711901100010845], [100.42598530629434, 13.711964413332142], [100.42597770044127, 13.712044684611103], [100.42596072104693, 13.712199587549245], [100.42594304102622, 13.712334155187623], [100.42594193304093, 13.712342071323233], [100.42593767158955, 13.712401983966426], [100.42593343059643, 13.71246528638156], [100.42592651077828, 13.712563633115046], [100.42592227660333, 13.712628065453776], [100.42591285623244, 13.712694787638416], [100.42591321768022, 13.712754674515022], [100.42590838425194, 13.712815719516348], [100.42590069654369, 13.712882432608708], [100.42589214634886, 13.712997738196412], [100.42588795308711, 13.713068950078], [100.42588718608593, 13.713133362412963], [100.42588423720838, 13.713219256638345], [100.42587969795696, 13.713328889268121], [100.42587264947544, 13.713405767437354], [100.42595998194493, 13.71341769318442], [100.42602407027297, 13.713408283712418], [100.42603602314642, 13.713473752614881], [100.42603697615226, 13.713535895998056], [100.42597233720824, 13.71354982850632], [100.42590763005423, 13.713552461759006], [100.42584129842034, 13.713573183779655], [100.42582613254503, 13.713645588924708], [100.42582601842317, 13.71372242708827], [100.42582002925366, 13.71378347965883], [100.42582449031569, 13.713852381683928], [100.42582377105543, 13.71392470348431], [100.42581787239297, 13.714000445055007], [100.4258136372778, 13.714064877395364], [100.42581408739146, 13.71413945237513], [100.42580754855767, 13.714205027968946], [100.42580503432445, 13.714267190454065], [100.4258060623085, 13.714341762099052], [100.4258042009691, 13.714416351316789], [100.4258051471176, 13.714477363874009], [100.42580562452302, 13.714556458547166], [100.425802525608, 13.714617494440981], [100.4258029007153, 13.714679640255017], [100.42580112121986, 13.714767787653765], [100.4257998241108, 13.714840112783818], [100.42580136767478, 13.714904511781949], [100.4258029667284, 13.71497795016522], [100.42579991556052, 13.715046895524596], [100.42581764718304, 13.715112331086978], [100.42581194540207, 13.715220841354101], [100.4259378124812, 13.715202034805083], [100.42601404334754, 13.715193686095592], [100.42608330567357, 13.715179726857086], [100.42616876194143, 13.715167934070852], [100.42625189990294, 13.715155024672594], [100.42636045722257, 13.715140838570283], [100.42643942043688, 13.715106483910924], [100.42656424672671, 13.715106893332775], [100.42667798432848, 13.715089287302353], [100.42675303889368, 13.715077554368872], [100.42683506973803, 13.715072560911015], [100.42690267343589, 13.715071040616541], [100.4269801008817, 13.715069463578835], [100.42707948046863, 13.715066629788828], [100.42717944474367, 13.71506492254502], [100.42731809200374, 13.7150573420323], [100.42754277414349, 13.715037964849015], [100.4276530853698, 13.715027158849903], [100.42773221905618, 13.715021051871734], [100.42782471198471, 13.715026167306846], [100.42790965848604, 13.71502567649905], [100.42797669792772, 13.715026419097125], [100.42804778243915, 13.71502713830224], [100.42822461666172, 13.715027246350864], [100.4283015481622, 13.715039231312383], [100.4284346430459, 13.715068971015423], [100.42852086144154, 13.715087681998433], [100.42862502107168, 13.715110809081256], [100.42872166161284, 13.715132850530852], [100.42879517379616, 13.715152764834404], [100.42889358213684, 13.71518044489799], [100.42895264082152, 13.715199312760783], [100.42903197272915, 13.715225973109124], [100.42910900001827, 13.715253776719537], [100.42919240437755, 13.715284933308798], [100.42927868534531, 13.71531381330712], [100.42935167444853, 13.715342770153509], [100.42946694364986, 13.715387301874786], [100.42954281530062, 13.715415112928698], [100.42960595335099, 13.715439606833918], [100.42971543711793, 13.715483041937677], [100.42979999735651, 13.715514191618972], [100.42989208358065, 13.715547557644827], [100.42994942249199, 13.715568695126592], [100.43000965759411, 13.715590945795892], [100.43009189274602, 13.715619848901976], [100.4301747057839, 13.715648748634276], [100.43025171278836, 13.715673162096035], [100.43030506234412, 13.71570336317197], [100.4304607885741, 13.715748790187982], [100.43054298368709, 13.715770913598734], [100.43070389804676, 13.715814050496821], [100.43085373712255, 13.715841431960648], [100.43091735742873, 13.715850103261882], [100.4309632623291, 13.71589164599672], [100.4311004362801, 13.715927010368928], [100.43116301726421, 13.71595489695599], [100.43124050646121, 13.715963488751182], [100.43135370711585, 13.715952663435962], [100.43177751181518, 13.715987496956332], [100.43185664557916, 13.71598138863635], [100.43196692944083, 13.715966060101048], [100.43203569580518, 13.71596566160356], [100.4321039391064, 13.71597430580113], [100.4321709864904, 13.715976177148526], [100.43223792332353, 13.715959969753598], [100.43235086350369, 13.71590620700564], [100.43240730958973, 13.715875370892313], [100.43248804668231, 13.71584778383732], [100.43260761056914, 13.71583805103066], [100.43275139692743, 13.715820268911363], [100.43286514096391, 13.715803789061027], [100.43308458774786, 13.715778787368645], [100.43316025416419, 13.715772699652254], [100.43334827376562, 13.71580663790348], [100.43364097665359, 13.715854658180637], [100.4338384369182, 13.715825263537564], [100.43407228128113, 13.715792268622565], [100.43424087454802, 13.715767561025736], [100.43441084308307, 13.715779004033513], [100.43454730903109, 13.715792901332367], [100.4347266195459, 13.715820109316486], [100.43484235185082, 13.715845426417093], [100.43494192355057, 13.715874227180636], [100.43502994478757, 13.715904225840687], [100.43528293985018, 13.715979593731127], [100.43542305166216, 13.716022848285274], [100.43548498653159, 13.716039437891732], [100.43561694644352, 13.716072570054807], [100.43576858916491, 13.716111237576142], [100.43582879046947, 13.716127837164317], [100.43593123797307, 13.716154360878894], [100.43619160151356, 13.71620595674216], [100.43633719679232, 13.716200590664801], [100.43650189606115, 13.716200763238485], [100.43658856939278, 13.716199129410318], [100.43668672540153, 13.716184999250265], [100.43678907676166, 13.716195703740752], [100.43698453360956, 13.716217166358781], [100.43710422789826, 13.716228899820539], [100.43716840562234, 13.716234177267665], [100.43728981976628, 13.716243639815087], [100.43739736509436, 13.716253184783806], [100.43751073723898, 13.716270604609837], [100.43769547694917, 13.71633506739712], [100.43785533997689, 13.716395154959509], [100.43796424747951, 13.716438589574372], [100.43804874007562, 13.716458437112856], [100.43816721683481, 13.716460008413604], [100.43831969835698, 13.716446691375044], [100.43839484278729, 13.716449643841875], [100.43850356365695, 13.716462570441369], [100.43857414020088, 13.716474589104353], [100.4386523313501, 13.716503512775075], [100.43871791265728, 13.716549459199385], [100.4387898780748, 13.716599888260621], [100.438844459281, 13.716642508824064], [100.43896967128089, 13.716706188161323], [100.43910869710402, 13.716760745511202], [100.4392632841406, 13.716808434203209], [100.43933463055797, 13.716852086949535], [100.43939490889207, 13.71688111470544], [100.4395881106219, 13.717006544364079], [100.4396398637725, 13.717059350817213], [100.43969231283934, 13.717131363373733], [100.43973724274, 13.71720228886734], [100.4397780449202, 13.717259678919648], [100.43982629146872, 13.717305726015432], [100.43990051370521, 13.717347101901536], [100.43997587792761, 13.717386211194015], [100.4400529335207, 13.717418530863236], [100.44010571354465, 13.717449862037132], [100.44017637907325, 13.71747656912425], [100.44024238030983, 13.717496523637617], [100.44030209389248, 13.717527814350124], [100.4403757108357, 13.717564673780567], [100.44043193655878, 13.71759259582503], [100.44050207253245, 13.71762721559394], [100.44056646428098, 13.717667518613842], [100.44070075772191, 13.717704024169198], [100.44076853402588, 13.717730747919646], [100.44082879113029, 13.717756385541144], [100.44091756384285, 13.717814625585083], [100.44097618389047, 13.717856092101758], [100.44101824657155, 13.717930424804301], [100.44105571203508, 13.718009303230613], [100.44108327281964, 13.718074679943664], [100.44110155824559, 13.718135590927142], [100.4411297166937, 13.718204354014402], [100.44128694700389, 13.718211346567148], [100.44135699361802, 13.71823127715521], [100.44143052126638, 13.718253447325953], [100.44149421131108, 13.71827341495704], [100.44155504649254, 13.718299049007387], [100.44161354950523, 13.718321306781334], [100.4416687991324, 13.718378612157592], [100.44171186518898, 13.718428079825644], [100.44174742581723, 13.718478720333453], [100.44178875828662, 13.718528197196719], [100.44183066174735, 13.718576540763268], [100.44187257902367, 13.718627144151926], [100.4419226141337, 13.718682219977763], [100.44206566782678, 13.7188282792923], [100.44211392800922, 13.718876586600235], [100.44220917535576, 13.71895399665526], [100.44226548441414, 13.718995477209207], [100.44231202484787, 13.719046053517406], [100.4423441874766, 13.719108013309144], [100.44238117326577, 13.719202713646773], [100.44241332213336, 13.71926241359441], [100.4424601180374, 13.719354796727444], [100.44250894248069, 13.719400840733304], [100.44255828268693, 13.71943671121311], [100.4425996431127, 13.71949070756412], [100.4426467201753, 13.719534500925771], [100.44270773528419, 13.71958951243652], [100.44276756015216, 13.719638881103666], [100.44283140255264, 13.719683706469244], [100.44288649399708, 13.719715023462747], [100.44294504580095, 13.71974519027626], [100.44300579956257, 13.719757264929438], [100.44306429522777, 13.719778393302576], [100.44312287560831, 13.719813078819927], [100.44317222979969, 13.719851208987803], [100.4432187360724, 13.719896136416095], [100.44326237277454, 13.719944469559444], [100.4433094578775, 13.719989392681466], [100.44336582261917, 13.720039911351227], [100.44342562701046, 13.72008589008847], [100.44347095689756, 13.720127433564215], [100.44351632133919, 13.720174626602862], [100.44356567566763, 13.720212756677308], [100.44362553540658, 13.720267774673564], [100.4436726680832, 13.720320608022835], [100.4437191538112, 13.720362144689389], [100.44376799251567, 13.720410447322894], [100.443815654759, 13.720455366956205], [100.4438546972369, 13.720508246642106], [100.44396596051416, 13.720558444276787], [100.44403946143315, 13.720576093913982], [100.44410543614046, 13.720591527615541], [100.44417839375497, 13.720614830158516], [100.44427741805318, 13.720648150776618], [100.44439255380404, 13.720670076700594], [100.44447748788481, 13.72066731926681], [100.44454564971556, 13.720662401780624], [100.44465080349359, 13.72065839700011], [100.4447212699013, 13.720652335130474], [100.44479053906524, 13.720639500517155], [100.44490863336536, 13.72067270843593], [100.4449482332436, 13.720722194798828], [100.44503265168296, 13.720729610680971], [100.44509461591099, 13.720750717338497], [100.44518608645637, 13.720777301133653], [100.44532622319292, 13.720823939335471], [100.44542167667545, 13.7208403310522], [100.44556700054233, 13.720884678850254], [100.4456974320246, 13.720950582837746], [100.4457930170266, 13.72098844185339], [100.4459083260052, 13.721038614872624], [100.44599298675686, 13.721085577376503], [100.44605663633833, 13.721098765137608], [100.44612949043142, 13.721105117466854], [100.44628105447023, 13.721130219072988], [100.44636607077585, 13.721141021745709], [100.44649098925014, 13.721156109648765], [100.44662983910516, 13.721181285483583], [100.44669933073872, 13.721204607537729], [100.44681120040626, 13.721259320062536], [100.4470111499417, 13.721353065860706], [100.44716473084885, 13.721424483167743], [100.44729926263915, 13.721499401840243], [100.44735906117069, 13.721544249594915], [100.44742070419423, 13.72160716577435], [100.44752025574505, 13.721726357445116], [100.44759689692307, 13.721784665868602], [100.4476941459373, 13.721811215708438], [100.4478111209183, 13.721850078467435], [100.44792810886766, 13.721891200996945], [100.44802232394017, 13.721894038571223], [100.44816239937873, 13.721930505829539], [100.4482257070327, 13.721982112490421], [100.4482952812757, 13.722018993004802], [100.44839706175972, 13.722124611760535], [100.44845864974685, 13.722178489244127], [100.44851042766629, 13.722234683239574], [100.4486121182082, 13.722325613032233], [100.44869801192078, 13.722384996756606], [100.44876595671927, 13.722438835962386], [100.44890433359413, 13.72248096248175], [100.44898357253604, 13.722491797180865], [100.44906974697022, 13.722502591166013], [100.44918880416984, 13.722504152577862], [100.44926275203287, 13.722500329754105], [100.4493365888969, 13.722478427421157], [100.4494409354537, 13.722437136848978], [100.44950319386544, 13.722411912556339], [100.4495691435914, 13.722329039030805], [100.44966736524432, 13.722231285810972], [100.44979145168357, 13.722110782613564], [100.44986147220693, 13.722126191857036], [100.44998869394729, 13.722233920455178], [100.45033167832896, 13.72246919667952], [100.45041881322781, 13.722448345901899], [100.4504822897575, 13.722433284687732], [100.4505445072936, 13.72240127976909], [100.45061090698701, 13.722391851115274], [100.45070165490334, 13.722394707102843], [100.45080184425241, 13.722429148052202], [100.4508760419994, 13.722466000631146], [100.45101619994271, 13.722609811094285], [100.45111694412257, 13.722734643847067], [100.45119842386774, 13.722827951097932], [100.45127407625283, 13.722913383800348], [100.45133810855064, 13.722988714288917], [100.4513992098032, 13.723057282273135], [100.45147358151627, 13.723122382400167], [100.45155203317775, 13.723193108278593], [100.45166503270806, 13.723243292861719], [100.45177051981175, 13.723293519737734], [100.4518470433959, 13.723332619117718], [100.45190856987367, 13.723376325531724], [100.45196538992114, 13.723406500185], [100.45201590193349, 13.723444621564521], [100.45212090862358, 13.723510671314562], [100.45224802966638, 13.723507663987267], [100.4523033455174, 13.723481349862393], [100.45236437250371, 13.723443702635539], [100.45240966365422, 13.723384678866978], [100.45243047520317, 13.723291900525627], [100.45245929364917, 13.723185515689439], [100.45250475242783, 13.723059823832244], [100.45253969724573, 13.723009900497575], [100.45259351743124, 13.72292822753361], [100.4526365256494, 13.722873736964322], [100.45267199174604, 13.722814770944478], [100.45276245636374, 13.722677513946968], [100.45279732458741, 13.722615161578567], [100.45284780944492, 13.722554977252125], [100.45290172678334, 13.72248912297432], [100.45294412823543, 13.722430116130553], [100.45299409865154, 13.72238010436147], [100.45306221789487, 13.722368404137498], [100.45312538056493, 13.722396281321704], [100.45323675156955, 13.722463423125523], [100.45331980470894, 13.72253073239647], [100.45338899758987, 13.722599252237405], [100.45343091098854, 13.72264872342303], [100.45348094950312, 13.722703796538509], [100.45358283584834, 13.722826361536557], [100.45363707962171, 13.722907398719375], [100.45374900070686, 13.723063803981459], [100.45378438328969, 13.723178850636645], [100.45380331989448, 13.723251055982077], [100.45387348767646, 13.723383977065792], [100.4539269380724, 13.723429990379413], [100.45400768810646, 13.723498441967445], [100.45411933662115, 13.723516994718258], [100.4541863787512, 13.723517729949988], [100.45425053054818, 13.72351848218179], [100.45433258274421, 13.723516869094148], [100.45441753826637, 13.72351749878218], [100.45450415780928, 13.723506819143768], [100.45459075645384, 13.723492749749559], [100.45475297396115, 13.723464675544237], [100.4548164652113, 13.72345187212513], [100.45490936478569, 13.723428725911658]]]}}]}